◇ injected env (2) from .env // tip: ⌘ enable debugging { debug: true }
◇ injected env (0) from .env // tip: ⌘ enable debugging { debug: true }

  ╔═╗╔═╗╦    ╔═╗╔╗╔╦ ╦╔═╗╔╗╔╔═╗╔═╗╔╦╗
  ╠═╣╠═╝║    ║╣ ║║║╠═╣╠═╣║║║║  ║╣  ║║
  ╩ ╩╩  ╩    ╚═╝╝╚╝╩ ╩╩ ╩╝╚╝╚═╝╚═╝═╩╝
    
[32m[INFO][0m Server started successfully @ http://127.0.0.1:3000
[32m[INFO][0m Request Success: [eapi] /search?keywords=test&limit=1
[32m[INFO][0m [2026-09-23T18:59:05.062Z] 模块加载顺序: unm → bugpk → byfuns → ddyr → gdmusic → msls → oi → qijieya
◇ injected env (0) from .env // tip: ⌘ enable debugging { debug: true }
◇ injected env (0) from .env // tip: ⌘ suppress logs { quiet: true }
[32m[INFO][0m Request Success: [xeapi] /song/url/v1?id=1901371647&level=exhigh
[32m[INFO][0m Starting unblock(uses general unblock): 1901371647
INFO: (provider/match) Replaced: [1901371647] 孤勇者
    audioId: 1901371647
    songName: "孤勇者"
    url: "http://bd-er.kuwo.cn/c4c23939dce0679afb381c7e3e0239c8/6ab42179/resource/1307392909/trackmedia/F000001hE0cD4NPYfX_1.flac?from=bodian"
[32m[INFO][0m [2026-09-23T18:59:05.957Z] unm match 1901371647 → source=bodian url=http://bd-er.kuwo.cn/c4c23939dce0679afb381c7e3e0239c8/6ab42179/resource/13073929...
[32m[INFO][0m Unblock success! url: http://bd-er.kuwo.cn/c4c23939dce0679afb381c7e3e0239c8/6ab42179/resource/1307392909/trackmedia/F000001hE0cD4NPYfX_1.flac?from=bodian
◇ injected env (3) from .env // tip: ⌘ enable debugging { debug: true }
◇ injected env (0) from .env // tip: ◈ secrets for agents [www.dotenvx.com]

  ╔═╗╔═╗╦    ╔═╗╔╗╔╦ ╦╔═╗╔╗╔╔═╗╔═╗╔╦╗
  ╠═╣╠═╝║    ║╣ ║║║╠═╣╠═╣║║║║  ║╣  ║║
  ╩ ╩╩  ╩    ╚═╝╝╚╝╩ ╩╩ ╩╝╚╝╚═╝╚═╝═╩╝
    
[32m[INFO][0m Server started successfully @ http://127.0.0.1:3000
[32m[INFO][0m Request Success: [eapi] /search?keywords=test&limit=1
[32m[INFO][0m Request Success: [eapi] /search?keywords=孤勇者&limit=1
[32m[INFO][0m [2026-09-23T19:03:01.713Z] 模块加载顺序: unm → bugpk → byfuns → ddyr → gdmusic → msls → oi → qijieya
◇ injected env (0) from .env // tip: ◈ encrypted .env [www.dotenvx.com]
◇ injected env (0) from .env // tip: ⌘ enable debugging { debug: true }
[32m[INFO][0m Request Success: [xeapi] /song/url/v1?id=1901371647&level=exhigh
[32m[INFO][0m Starting unblock(uses general unblock): 1901371647
INFO: (provider/match) Replaced: [1901371647] 孤勇者
    audioId: 1901371647
    songName: "孤勇者"
    url: "http://bd-er.kuwo.cn/555f2dab41fc82fd4de2db1b2fa3fbef/6ab42265/resource/1307392909/trackmedia/F000001hE0cD4NPYfX_1.flac?from=bodian"
[32m[INFO][0m [2026-09-23T19:03:02.441Z] unm match 1901371647 → source=bodian url=http://bd-er.kuwo.cn/555f2dab41fc82fd4de2db1b2fa3fbef/6ab42265/resource/13073929...
[32m[INFO][0m Unblock success! url: http://bd-er.kuwo.cn/555f2dab41fc82fd4de2db1b2fa3fbef/6ab42265/resource/1307392909/trackmedia/F000001hE0cD4NPYfX_1.flac?from=bodian
[32m[INFO][0m Request Success: [eapi] /lyric?id=1901371647
[32m[INFO][0m Request Success: [eapi] /search?keywords=test&limit=1
[32m[INFO][0m Request Success: [eapi] /search?keywords=虚拟女友&limit=1
◇ injected env (0) from .env // tip: ⌘ suppress logs { quiet: true }
[32m[INFO][0m Request Success: [xeapi] /song/url/v1?id=1902776034&level=exhigh
[32m[INFO][0m Request Success: [eapi] /lyric?id=1902776034
[32m[INFO][0m Request Success: [eapi] /search?keywords=和解&limit=1
◇ injected env (0) from .env // tip: ⌘ suppress logs { quiet: true }
[32m[INFO][0m Request Success: [xeapi] /song/url/v1?id=1350364644&level=exhigh
[32m[INFO][0m Request Success: [eapi] /lyric?id=1350364644
[32m[INFO][0m Request Success: [eapi] /search?keywords=test&limit=1
[32m[INFO][0m Request Success: [eapi] /search?keywords=我记得&limit=1
◇ injected env (0) from .env // tip: ⌘ override existing { override: true }
[32m[INFO][0m Request Success: [xeapi] /song/url/v1?id=1974443814&level=exhigh
[32m[INFO][0m Starting unblock(uses general unblock): 1974443814
INFO: (provider/match) Replaced: [1974443814] 我记得
    audioId: 1974443814
    songName: "我记得"
    url: "http://bd-lv.kuwo.cn/220b971715243f759b6e463424b38ab8/6ab42419/resource/30106/trackmedia/F000002WMib00Nnisj.flac?from=bodian"
[32m[INFO][0m [2026-09-23T19:10:17.821Z] unm match 1974443814 → source=bodian url=http://bd-lv.kuwo.cn/220b971715243f759b6e463424b38ab8/6ab42419/resource/30106/tr...
[32m[INFO][0m Unblock success! url: http://bd-lv.kuwo.cn/220b971715243f759b6e463424b38ab8/6ab42419/resource/30106/trackmedia/F000002WMib00Nnisj.flac?from=bodian
[32m[INFO][0m Request Success: [eapi] /lyric?id=1974443814
[32m[INFO][0m Request Success: [eapi] /inner/version
[32m[INFO][0m Request Success: [eapi] /search?keywords=test&limit=1
[32m[INFO][0m Request Success: [eapi] /search?keywords=我记得+伴奏&limit=1
◇ injected env (0) from .env // tip: ⌁ auth for agents [www.vestauth.com]
[32m[INFO][0m Request Success: [xeapi] /song/url/v1?id=1974443814&level=exhigh
[32m[INFO][0m Starting unblock(uses general unblock): 1974443814
INFO: (provider/match) Replaced: [1974443814] 我记得
    audioId: 1974443814
    songName: "我记得"
    url: "http://bd-lv.kuwo.cn/4d694aee682920170c7f90a7465e89f9/6ab4258a/resource/30106/trackmedia/F000002WMib00Nnisj.flac?from=bodian"
[32m[INFO][0m [2026-09-23T19:16:26.515Z] unm match 1974443814 → source=bodian url=http://bd-lv.kuwo.cn/4d694aee682920170c7f90a7465e89f9/6ab4258a/resource/30106/tr...
[32m[INFO][0m Unblock success! url: http://bd-lv.kuwo.cn/4d694aee682920170c7f90a7465e89f9/6ab4258a/resource/30106/trackmedia/F000002WMib00Nnisj.flac?from=bodian
[32m[INFO][0m Request Success: [eapi] /lyric?id=1974443814
[32m[INFO][0m Request Success: [eapi] /search?keywords=伴奏我记得&limit=1
◇ injected env (0) from .env // tip: ⌁ auth for agents [www.vestauth.com]
[32m[INFO][0m Request Success: [xeapi] /song/url/v1?id=1363342537&level=exhigh
[32m[INFO][0m Request Success: [eapi] /lyric?id=1363342537
[32m[INFO][0m Request Success: [eapi] /search?keywords=我记得+赵雷+伴奏&limit=1
◇ injected env (0) from .env // tip: ⌘ override existing { override: true }
[32m[INFO][0m Request Success: [xeapi] /song/url/v1?id=2648874978&level=exhigh
[32m[INFO][0m Starting unblock(uses general unblock): 2648874978
INFO: (provider/match) Replaced: [2648874978] 我记得（Live版)
    audioId: 2648874978
    songName: "我记得（Live版)"
    url: "http://bd-er.kuwo.cn/37016cbe3b7de951eec2c9fc61afff9a/6ab425d3/resource/30106/trackmedia/F000002f0cmA4OKUgZ.flac?from=bodian"
[32m[INFO][0m [2026-09-23T19:17:39.560Z] unm match 2648874978 → source=bodian url=http://bd-er.kuwo.cn/37016cbe3b7de951eec2c9fc61afff9a/6ab425d3/resource/30106/tr...
[32m[INFO][0m Unblock success! url: http://bd-er.kuwo.cn/37016cbe3b7de951eec2c9fc61afff9a/6ab425d3/resource/30106/trackmedia/F000002f0cmA4OKUgZ.flac?from=bodian
[32m[INFO][0m Request Success: [eapi] /lyric?id=2648874978
[32m[INFO][0m Request Success: [eapi] /search?keywords=test&limit=1
[32m[INFO][0m Request Success: [eapi] /search?keywords=我记得&limit=1
◇ injected env (0) from .env // tip: ⌘ enable debugging { debug: true }
[32m[INFO][0m Request Success: [xeapi] /song/url/v1?id=1974443814&level=exhigh
[32m[INFO][0m Starting unblock(uses general unblock): 1974443814
INFO: (provider/match) Replaced: [1974443814] 我记得
    audioId: 1974443814
    songName: "我记得"
    url: "http://bd-lv.kuwo.cn/f825c2188b3eb541d64cbc3934ee2f6a/6ab426b3/resource/30106/trackmedia/F000002WMib00Nnisj.flac?from=bodian"
[32m[INFO][0m [2026-09-23T19:21:24.090Z] unm match 1974443814 → source=bodian url=http://bd-lv.kuwo.cn/f825c2188b3eb541d64cbc3934ee2f6a/6ab426b3/resource/30106/tr...
[32m[INFO][0m Unblock success! url: http://bd-lv.kuwo.cn/f825c2188b3eb541d64cbc3934ee2f6a/6ab426b3/resource/30106/trackmedia/F000002WMib00Nnisj.flac?from=bodian
[32m[INFO][0m Request Success: [eapi] /lyric?id=1974443814
[32m[INFO][0m Request Success: [eapi] /search?keywords=test&limit=1
[32m[INFO][0m Request Success: [eapi] /search?keywords=晴天&limit=3
[32m[INFO][0m Request Success: [eapi] /search?keywords=test&limit=1
[32m[INFO][0m Request Success: [eapi] /search?keywords=上海蟹&limit=1
◇ injected env (0) from .env // tip: ⌁ auth for agents [www.vestauth.com]
[32m[INFO][0m Request Success: [xeapi] /song/url/v1?id=1949073459&level=exhigh
[32m[INFO][0m Request Success: [eapi] /lyric?id=1949073459
[32m[INFO][0m Request Success: [eapi] /search?keywords=test&limit=1
[32m[INFO][0m Request Success: [eapi] /search?keywords=上海蟹&limit=1
◇ injected env (0) from .env // tip: ◈ secrets for agents [www.dotenvx.com]
[32m[INFO][0m Request Success: [xeapi] /song/url/v1?id=1949073459&level=exhigh
[32m[INFO][0m Request Success: [eapi] /lyric?id=1949073459
[32m[INFO][0m Request Success: [eapi] /search?keywords=test&limit=1
[32m[INFO][0m Request Success: [eapi] /search?keywords=我记得&limit=1
◇ injected env (0) from .env // tip: ◈ encrypted .env [www.dotenvx.com]
[32m[INFO][0m Request Success: [xeapi] /song/url/v1?id=1974443814&level=exhigh
[32m[INFO][0m Starting unblock(uses general unblock): 1974443814
INFO: (provider/match) Replaced: [1974443814] 我记得
    audioId: 1974443814
    songName: "我记得"
    url: "http://bd-lv.kuwo.cn/36c745e5c92ac9ed22e6a9a67f131f18/6ab4888b/resource/30106/trackmedia/F000002WMib00Nnisj.flac?from=bodian"
[32m[INFO][0m [2026-09-24T02:18:52.037Z] unm match 1974443814 → source=bodian url=http://bd-lv.kuwo.cn/36c745e5c92ac9ed22e6a9a67f131f18/6ab4888b/resource/30106/tr...
[32m[INFO][0m Unblock success! url: http://bd-lv.kuwo.cn/36c745e5c92ac9ed22e6a9a67f131f18/6ab4888b/resource/30106/trackmedia/F000002WMib00Nnisj.flac?from=bodian
[32m[INFO][0m Request Success: [eapi] /lyric?id=1974443814
[32m[INFO][0m Request Success: [eapi] /search?keywords=test&limit=1
[32m[INFO][0m Request Success: [eapi] /search?keywords=ciwoyibeicaishenjiu&limit=1
[32m[INFO][0m Request Success: [eapi] /search?keywords=赐我一杯财神酒&limit=1
◇ injected env (0) from .env // tip: ⌘ enable debugging { debug: true }
[32m[INFO][0m Request Success: [xeapi] /song/url/v1?id=2688445492&level=exhigh
[32m[INFO][0m Request Success: [eapi] /lyric?id=2688445492
[32m[INFO][0m Request Success: [eapi] /search?keywords=戏子+蒋一侨&limit=1
◇ injected env (0) from .env // tip: ⌘ override existing { override: true }
[32m[INFO][0m Request Success: [xeapi] /song/url/v1?id=444269830&level=exhigh
[32m[INFO][0m Request Success: [eapi] /lyric?id=444269830
[32m[INFO][0m Request Success: [eapi] /inner/version
[32m[INFO][0m Request Success: [eapi] /search?keywords=test&limit=1
[32m[INFO][0m Request Success: [eapi] /search?keywords=新世界&limit=1
◇ injected env (0) from .env // tip: ⌘ multiple files { path: ['.env.local', '.env'] }
[32m[INFO][0m Request Success: [xeapi] /song/url/v1?id=3435080566&level=exhigh
[32m[INFO][0m Request Success: [eapi] /lyric?id=3435080566
[32m[INFO][0m Request Success: [eapi] /lyric/new?id=3435080566
[32m[INFO][0m Request Success: [eapi] /search?keywords=test&limit=1
[32m[INFO][0m Request Success: [eapi] /search?keywords=戏子+蒋一侨&limit=1
◇ injected env (0) from .env // tip: ⌘ suppress logs { quiet: true }
[32m[INFO][0m Request Success: [xeapi] /song/url/v1?id=444269830&level=exhigh
[32m[INFO][0m Request Success: [eapi] /lyric?id=444269830
[32m[INFO][0m Request Success: [eapi] /lyric/new?id=444269830
[32m[INFO][0m Request Success: [eapi] /search?keywords=test&limit=1
[32m[INFO][0m Request Success: [eapi] /search?keywords=戏子+蒋一侨&limit=1
◇ injected env (0) from .env // tip: ⌘ multiple files { path: ['.env.local', '.env'] }
[32m[INFO][0m Request Success: [xeapi] /song/url/v1?id=444269830&level=exhigh
[32m[INFO][0m Request Success: [eapi] /lyric?id=444269830
[32m[INFO][0m Request Success: [eapi] /lyric/new?id=444269830
[32m[INFO][0m Request Success: [eapi] /search?keywords=test&limit=1
[32m[INFO][0m Request Success: [eapi] /search?keywords=戏子+蒋一侨&limit=1
◇ injected env (0) from .env // tip: ⌁ auth for agents [www.vestauth.com]
[32m[INFO][0m Request Success: [xeapi] /song/url/v1?id=444269830&level=exhigh
[32m[INFO][0m Request Success: [eapi] /lyric?id=444269830
[32m[INFO][0m Request Success: [eapi] /lyric/new?id=444269830
[32m[INFO][0m Request Success: [eapi] /search?keywords=test&limit=1
[32m[INFO][0m Request Success: [eapi] /search?keywords=戏子+蒋一侨&limit=1
◇ injected env (0) from .env // tip: ◈ encrypted .env [www.dotenvx.com]
[32m[INFO][0m Request Success: [xeapi] /song/url/v1?id=444269830&level=exhigh
[32m[INFO][0m Request Success: [eapi] /lyric?id=444269830
[32m[INFO][0m Request Success: [eapi] /lyric/new?id=444269830
[32m[INFO][0m Request Success: [eapi] /search?keywords=test&limit=1
[32m[INFO][0m Request Success: [eapi] /search?keywords=戏子+蒋一侨&limit=1
◇ injected env (0) from .env // tip: ⌘ custom filepath { path: '/custom/path/.env' }
[32m[INFO][0m Request Success: [xeapi] /song/url/v1?id=444269830&level=exhigh
[32m[INFO][0m Request Success: [eapi] /lyric?id=444269830
[32m[INFO][0m Request Success: [eapi] /lyric/new?id=444269830
[32m[INFO][0m Request Success: [eapi] /search?keywords=test&limit=1
[32m[INFO][0m Request Success: [eapi] /search?keywords=戏子+蒋一侨&limit=1
◇ injected env (0) from .env // tip: ◈ secrets for agents [www.dotenvx.com]
[32m[INFO][0m Request Success: [xeapi] /song/url/v1?id=444269830&level=exhigh
[32m[INFO][0m Request Success: [eapi] /lyric?id=444269830
[32m[INFO][0m Request Success: [eapi] /lyric/new?id=444269830
[32m[INFO][0m Request Success: [eapi] /search?keywords=test&limit=1
[32m[INFO][0m Request Success: [eapi] /search?keywords=戏子+蒋一侨&limit=1
◇ injected env (0) from .env // tip: ⌘ suppress logs { quiet: true }
[32m[INFO][0m Request Success: [xeapi] /song/url/v1?id=444269830&level=exhigh
[32m[INFO][0m Request Success: [eapi] /lyric?id=444269830
[32m[INFO][0m Request Success: [eapi] /lyric/new?id=444269830
[32m[INFO][0m Request Success: [eapi] /search?keywords=test&limit=1
[32m[INFO][0m Request Success: [eapi] /search?keywords=test&limit=1
[32m[INFO][0m Request Success: [eapi] /search?keywords=戏子+蒋一侨&limit=1
◇ injected env (0) from .env // tip: ⌘ override existing { override: true }
[32m[INFO][0m Request Success: [xeapi] /song/url/v1?id=444269830&level=exhigh
[32m[INFO][0m Request Success: [eapi] /lyric?id=444269830
[32m[INFO][0m Request Success: [eapi] /lyric/new?id=444269830
[32m[INFO][0m Request Success: [eapi] /search?keywords=test&limit=1
[32m[INFO][0m Request Success: [eapi] /search?keywords=戏子+蒋一侨&limit=1
◇ injected env (0) from .env // tip: ⌘ enable debugging { debug: true }
[32m[INFO][0m Request Success: [xeapi] /song/url/v1?id=444269830&level=exhigh
[32m[INFO][0m Request Success: [eapi] /lyric?id=444269830
[32m[INFO][0m Request Success: [eapi] /lyric/new?id=444269830
[32m[INFO][0m Request Success: [eapi] /search?keywords=test&limit=1
[32m[INFO][0m Request Success: [eapi] /search?keywords=戏子+蒋一侨&limit=1
◇ injected env (0) from .env // tip: ◈ encrypted .env [www.dotenvx.com]
[32m[INFO][0m Request Success: [xeapi] /song/url/v1?id=444269830&level=exhigh
[32m[INFO][0m Request Success: [eapi] /lyric?id=444269830
[32m[INFO][0m Request Success: [eapi] /lyric/new?id=444269830
[32m[INFO][0m Request Success: [eapi] /search?keywords=test&limit=1
[32m[INFO][0m Request Success: [eapi] /search?keywords=test&limit=1
[32m[INFO][0m Request Success: [eapi] /search?keywords=test&limit=1
[32m[INFO][0m Request Success: [eapi] /search?keywords=test&limit=1
[32m[INFO][0m Request Success: [eapi] /search?keywords=test&limit=1
[32m[INFO][0m Request Success: [eapi] /search?keywords=test&limit=1
[32m[INFO][0m Request Success: [eapi] /search?keywords=test&limit=1
[32m[INFO][0m Request Success: [eapi] /search?keywords=test&limit=1
[32m[INFO][0m Request Success: [eapi] /search?keywords=test&limit=1
[32m[INFO][0m Request Success: [eapi] /search?keywords=test&limit=1
[32m[INFO][0m Request Success: [eapi] /search?keywords=test&limit=1
[32m[INFO][0m Request Success: [eapi] /search?keywords=test&limit=1
[32m[INFO][0m Request Success: [eapi] /search?keywords=test&limit=1
[32m[INFO][0m Request Success: [eapi] /search?keywords=test&limit=1
[32m[INFO][0m Request Success: [eapi] /search?keywords=test&limit=1
[32m[INFO][0m Request Success: [eapi] /search?keywords=test&limit=1
[32m[INFO][0m Request Success: [eapi] /search?keywords=test&limit=1
[32m[INFO][0m Request Success: [eapi] /search?keywords=test&limit=1
[32m[INFO][0m Request Success: [eapi] /search?keywords=test&limit=1
[32m[INFO][0m Request Success: [eapi] /search?keywords=test&limit=1
[32m[INFO][0m Request Success: [eapi] /search?keywords=test&limit=1
[32m[INFO][0m Request Success: [eapi] /search?keywords=test&limit=1
[32m[INFO][0m Request Success: [eapi] /search?keywords=test&limit=1
[32m[INFO][0m Request Success: [eapi] /search?keywords=test&limit=1
[32m[INFO][0m Request Success: [eapi] /search?keywords=test&limit=1
[32m[INFO][0m Request Success: [eapi] /search?keywords=test&limit=1
[32m[INFO][0m Request Success: [eapi] /search?keywords=test&limit=1
[32m[INFO][0m Request Success: [eapi] /search?keywords=test&limit=1
[32m[INFO][0m Request Success: [eapi] /search?keywords=test&limit=1
[32m[INFO][0m Request Success: [eapi] /search?keywords=test&limit=1
[32m[INFO][0m Request Success: [eapi] /search?keywords=test&limit=1
[32m[INFO][0m Request Success: [eapi] /search?keywords=test&limit=1
[32m[INFO][0m Request Success: [eapi] /search?keywords=test&limit=1
[32m[INFO][0m Request Success: [eapi] /search?keywords=test&limit=1
[32m[INFO][0m Request Success: [eapi] /search?keywords=test&limit=1
[32m[INFO][0m Request Success: [eapi] /search?keywords=test&limit=1
[32m[INFO][0m Request Success: [eapi] /search?keywords=test&limit=1
[32m[INFO][0m Request Success: [eapi] /search?keywords=test&limit=1
[32m[INFO][0m Request Success: [eapi] /search?keywords=戏子+蒋一侨&limit=1
◇ injected env (0) from .env // tip: ⌘ multiple files { path: ['.env.local', '.env'] }
[32m[INFO][0m Request Success: [xeapi] /song/url/v1?id=444269830&level=exhigh
[32m[INFO][0m Request Success: [eapi] /lyric?id=444269830
[32m[INFO][0m Request Success: [eapi] /lyric/new?id=444269830
[32m[INFO][0m Request Success: [eapi] /search?keywords=test&limit=1
[32m[INFO][0m Request Success: [eapi] /search?keywords=test&limit=1
[32m[INFO][0m Request Success: [eapi] /search?keywords=test&limit=1
[32m[INFO][0m Request Success: [eapi] /search?keywords=戏子+蒋一侨&limit=1
◇ injected env (0) from .env // tip: ⌘ suppress logs { quiet: true }
[32m[INFO][0m Request Success: [xeapi] /song/url/v1?id=444269830&level=exhigh
[32m[INFO][0m Request Success: [eapi] /lyric?id=444269830
[32m[INFO][0m Request Success: [eapi] /lyric/new?id=444269830
[32m[INFO][0m Request Success: [eapi] /search?keywords=test&limit=1
[32m[INFO][0m Request Success: [eapi] /search?keywords=90000&limit=1
◇ injected env (0) from .env // tip: ⌘ suppress logs { quiet: true }
[32m[INFO][0m Request Success: [xeapi] /song/url/v1?id=3333980504&level=exhigh
[32m[INFO][0m Request Success: [eapi] /lyric?id=3333980504
[32m[INFO][0m Request Success: [eapi] /lyric/new?id=3333980504
[32m[INFO][0m Request Success: [eapi] /search?keywords=9420&limit=1
◇ injected env (0) from .env // tip: ⌘ custom filepath { path: '/custom/path/.env' }
[32m[INFO][0m Request Success: [xeapi] /song/url/v1?id=3391243991&level=exhigh
[32m[INFO][0m Request Success: [eapi] /lyric?id=3391243991
[32m[INFO][0m Request Success: [eapi] /lyric/new?id=3391243991
[32m[INFO][0m Request Success: [eapi] /search?keywords=test&limit=1
[32m[INFO][0m Request Success: [eapi] /search?keywords=人是猫&limit=1
◇ injected env (0) from .env // tip: ⌘ multiple files { path: ['.env.local', '.env'] }
[32m[INFO][0m Request Success: [xeapi] /song/url/v1?id=3395708493&level=exhigh
[32m[INFO][0m Request Success: [eapi] /lyric?id=3395708493
[32m[INFO][0m Request Success: [eapi] /lyric/new?id=3395708493
[32m[INFO][0m Request Success: [eapi] /search?keywords=test&limit=1
[32m[INFO][0m Request Success: [eapi] /search?keywords=test&limit=1
[32m[INFO][0m Request Success: [eapi] /search?keywords=test&limit=1
[32m[INFO][0m Request Success: [eapi] /search?keywords=test&limit=1
[32m[INFO][0m Request Success: [eapi] /search?keywords=test&limit=1
[32m[INFO][0m Request Success: [eapi] /search?keywords=test&limit=1
[32m[INFO][0m Request Success: [eapi] /search?keywords=test&limit=1
[32m[INFO][0m Request Success: [eapi] /search?keywords=test&limit=1
[32m[INFO][0m Request Success: [eapi] /search?keywords=test&limit=1
[32m[INFO][0m Request Success: [eapi] /search?keywords=test&limit=1
[32m[INFO][0m Request Success: [eapi] /search?keywords=test&limit=1
[32m[INFO][0m Request Success: [eapi] /search?keywords=姜云升&limit=1
◇ injected env (0) from .env // tip: ⌘ multiple files { path: ['.env.local', '.env'] }
[32m[INFO][0m Request Success: [xeapi] /song/url/v1?id=1887917182&level=exhigh
[32m[INFO][0m Request Success: [eapi] /lyric?id=1887917182
[32m[INFO][0m Request Success: [eapi] /lyric/new?id=1887917182
[32m[INFO][0m Request Success: [eapi] /search?keywords=test&limit=1
[32m[INFO][0m Request Success: [eapi] /search?keywords=test&limit=1
[32m[INFO][0m Request Success: [eapi] /search?keywords=test&limit=1
[32m[INFO][0m Request Success: [eapi] /search?keywords=test&limit=1
[32m[INFO][0m Request Success: [eapi] /search?keywords=test&limit=1
[32m[INFO][0m Request Success: [eapi] /search?keywords=test&limit=1
[32m[INFO][0m Request Success: [eapi] /search?keywords=test&limit=1
[32m[INFO][0m Request Success: [eapi] /search?keywords=test&limit=1
[32m[INFO][0m Request Success: [eapi] /search?keywords=9420&limit=1
◇ injected env (0) from .env // tip: ⌘ override existing { override: true }
[32m[INFO][0m Request Success: [xeapi] /song/url/v1?id=3391243991&level=exhigh
[32m[INFO][0m Request Success: [eapi] /lyric?id=3391243991
[32m[INFO][0m Request Success: [eapi] /lyric/new?id=3391243991
[32m[INFO][0m Request Success: [eapi] /search?keywords=test&limit=1
[32m[INFO][0m Request Success: [eapi] /search?keywords=test&limit=1
[32m[INFO][0m Request Success: [eapi] /search?keywords=test&limit=1
[32m[INFO][0m Request Success: [eapi] /search?keywords=test&limit=1
[32m[INFO][0m Request Success: [eapi] /search?keywords=test&limit=1
[32m[INFO][0m Request Success: [eapi] /search?keywords=test&limit=1
[32m[INFO][0m Request Success: [eapi] /search?keywords=test&limit=1
[32m[INFO][0m Request Success: [eapi] /search?keywords=test&limit=1
[32m[INFO][0m Request Success: [eapi] /search?keywords=test&limit=1
[32m[INFO][0m Request Success: [eapi] /search?keywords=test&limit=1
[32m[INFO][0m Request Success: [eapi] /search?keywords=test&limit=1
[32m[INFO][0m Request Success: [eapi] /search?keywords=test&limit=1
[32m[INFO][0m Request Success: [eapi] /search?keywords=test&limit=1
[32m[INFO][0m Request Success: [eapi] /search?keywords=test&limit=1
[32m[INFO][0m Request Success: [eapi] /search?keywords=test&limit=1
[32m[INFO][0m Request Success: [eapi] /search?keywords=test&limit=1
[32m[INFO][0m Request Success: [eapi] /search?keywords=test&limit=1
[32m[INFO][0m Request Success: [eapi] /search?keywords=test&limit=1
[32m[INFO][0m Request Success: [eapi] /search?keywords=test&limit=1
[32m[INFO][0m Request Success: [eapi] /search?keywords=test&limit=1
[32m[INFO][0m Request Success: [eapi] /search?keywords=test&limit=1
[32m[INFO][0m Request Success: [eapi] /search?keywords=test&limit=1
[32m[INFO][0m Request Success: [eapi] /search?keywords=test&limit=1
[32m[INFO][0m Request Success: [eapi] /search?keywords=test&limit=1
[32m[INFO][0m Request Success: [eapi] /search?keywords=test&limit=1
[32m[INFO][0m Request Success: [eapi] /search?keywords=test&limit=1
[32m[INFO][0m Request Success: [eapi] /search?keywords=test&limit=1
[32m[INFO][0m Request Success: [eapi] /search?keywords=test&limit=1
[32m[INFO][0m Request Success: [eapi] /search?keywords=test&limit=1
[32m[INFO][0m Request Success: [eapi] /search?keywords=test&limit=1
[32m[INFO][0m Request Success: [eapi] /search?keywords=test&limit=1
[32m[INFO][0m Request Success: [eapi] /search?keywords=test&limit=1
[32m[INFO][0m Request Success: [eapi] /search?keywords=test&limit=1
[32m[INFO][0m Request Success: [eapi] /search?keywords=夜车&limit=1
◇ injected env (0) from .env // tip: ⌘ custom filepath { path: '/custom/path/.env' }
[32m[INFO][0m Request Success: [xeapi] /song/url/v1?id=340376&level=exhigh
[32m[INFO][0m Request Success: [eapi] /lyric?id=340376
[32m[INFO][0m Request Success: [eapi] /lyric/new?id=340376
[32m[INFO][0m Request Success: [eapi] /search?keywords=test&limit=1
[32m[INFO][0m Request Success: [eapi] /search?keywords=test&limit=1
[32m[INFO][0m Request Success: [eapi] /search?keywords=test&limit=1
[32m[INFO][0m Request Success: [eapi] /search?keywords=test&limit=1
[32m[INFO][0m Request Success: [eapi] /search?keywords=test&limit=1
[32m[INFO][0m Request Success: [eapi] /search?keywords=test&limit=1
[32m[INFO][0m Request Success: [eapi] /search?keywords=test&limit=1
[32m[INFO][0m Request Success: [eapi] /search?keywords=test&limit=1
[32m[INFO][0m Request Success: [eapi] /search?keywords=test&limit=1
[32m[INFO][0m Request Success: [eapi] /search?keywords=test&limit=1
[32m[INFO][0m Request Success: [eapi] /search?keywords=test&limit=1
[32m[INFO][0m Request Success: [eapi] /search?keywords=test&limit=1
[32m[INFO][0m Request Success: [eapi] /search?keywords=test&limit=1
[32m[INFO][0m Request Success: [eapi] /search?keywords=test&limit=1
[32m[INFO][0m Request Success: [eapi] /search?keywords=test&limit=1
[32m[INFO][0m Request Success: [eapi] /search?keywords=test&limit=1
[32m[INFO][0m Request Success: [eapi] /search?keywords=test&limit=1
[32m[INFO][0m Request Success: [eapi] /search?keywords=test&limit=1
[32m[INFO][0m Request Success: [eapi] /search?keywords=test&limit=1
[32m[INFO][0m Request Success: [eapi] /search?keywords=test&limit=1
[32m[INFO][0m Request Success: [eapi] /search?keywords=test&limit=1
[32m[INFO][0m Request Success: [eapi] /search?keywords=test&limit=1
[32m[INFO][0m Request Success: [eapi] /search?keywords=test&limit=1
[32m[INFO][0m Request Success: [eapi] /search?keywords=test&limit=1
[32m[INFO][0m Request Success: [eapi] /search?keywords=test&limit=1
[32m[INFO][0m Request Success: [eapi] /search?keywords=test&limit=1
[32m[INFO][0m Request Success: [eapi] /search?keywords=test&limit=1
[32m[INFO][0m Request Success: [eapi] /search?keywords=test&limit=1
[32m[INFO][0m Request Success: [eapi] /search?keywords=test&limit=1
[32m[INFO][0m Request Success: [eapi] /search?keywords=test&limit=1
[32m[INFO][0m Request Success: [eapi] /search?keywords=test&limit=1
[32m[INFO][0m Request Success: [eapi] /search?keywords=test&limit=1
[32m[INFO][0m Request Success: [eapi] /search?keywords=test&limit=1
[32m[INFO][0m Request Success: [eapi] /search?keywords=test&limit=1
[32m[INFO][0m Request Success: [eapi] /search?keywords=test&limit=1
[32m[INFO][0m Request Success: [eapi] /search?keywords=test&limit=1
[32m[INFO][0m Request Success: [eapi] /search?keywords=test&limit=1
[32m[INFO][0m Request Success: [eapi] /search?keywords=test&limit=1
[32m[INFO][0m Request Success: [eapi] /search?keywords=test&limit=1
[32m[INFO][0m Request Success: [eapi] /search?keywords=9420+麦小兜&limit=1
◇ injected env (0) from .env // tip: ◈ encrypted .env [www.dotenvx.com]
[32m[INFO][0m Request Success: [xeapi] /song/url/v1?id=3391243991&level=exhigh
[32m[INFO][0m Request Success: [eapi] /lyric?id=3391243991
[32m[INFO][0m Request Success: [eapi] /lyric/new?id=3391243991
[32m[INFO][0m Request Success: [eapi] /search?keywords=test&limit=1
[32m[INFO][0m Request Success: [eapi] /search?keywords=test&limit=1
[32m[INFO][0m Request Success: [eapi] /search?keywords=test&limit=1
[32m[INFO][0m Request Success: [eapi] /search?keywords=test&limit=1
[32m[INFO][0m Request Success: [eapi] /search?keywords=test&limit=1
[32m[INFO][0m Request Success: [eapi] /search?keywords=test&limit=1
[32m[INFO][0m Request Success: [eapi] /search?keywords=test&limit=1
[32m[INFO][0m Request Success: [eapi] /search?keywords=test&limit=1
[32m[INFO][0m Request Success: [eapi] /search?keywords=test&limit=1
[32m[INFO][0m Request Success: [eapi] /search?keywords=test&limit=1
[32m[INFO][0m Request Success: [eapi] /search?keywords=test&limit=1
[32m[INFO][0m Request Success: [eapi] /search?keywords=test&limit=1
[32m[INFO][0m Request Success: [eapi] /search?keywords=test&limit=1
[32m[INFO][0m Request Success: [eapi] /search?keywords=test&limit=1
[32m[INFO][0m Request Success: [eapi] /search?keywords=test&limit=1
[32m[INFO][0m Request Success: [eapi] /search?keywords=test&limit=1
[32m[INFO][0m Request Success: [eapi] /search?keywords=test&limit=1
[32m[INFO][0m Request Success: [eapi] /search?keywords=test&limit=1
[32m[INFO][0m Request Success: [eapi] /search?keywords=test&limit=1
[32m[INFO][0m Request Success: [eapi] /search?keywords=test&limit=1
[32m[INFO][0m Request Success: [eapi] /search?keywords=test&limit=1
[32m[INFO][0m Request Success: [eapi] /search?keywords=test&limit=1
[32m[INFO][0m Request Success: [eapi] /search?keywords=test&limit=1
[32m[INFO][0m Request Success: [eapi] /search?keywords=test&limit=1
[32m[INFO][0m Request Success: [eapi] /search?keywords=test&limit=1
[32m[INFO][0m Request Success: [eapi] /search?keywords=test&limit=1
[32m[INFO][0m Request Success: [eapi] /search?keywords=test&limit=1
[32m[INFO][0m Request Success: [eapi] /search?keywords=test&limit=1
[32m[INFO][0m Request Success: [eapi] /search?keywords=test&limit=1
[32m[INFO][0m Request Success: [eapi] /search?keywords=狮子座&limit=1
◇ injected env (0) from .env // tip: ◈ encrypted .env [www.dotenvx.com]
[32m[INFO][0m Request Success: [xeapi] /song/url/v1?id=340394&level=exhigh
[32m[INFO][0m Request Success: [eapi] /lyric?id=340394
[32m[INFO][0m Request Success: [eapi] /lyric/new?id=340394
[32m[INFO][0m Request Success: [eapi] /search?keywords=babysister&limit=1
◇ injected env (0) from .env // tip: ⌁ auth for agents [www.vestauth.com]
[32m[INFO][0m Request Success: [xeapi] /song/url/v1?id=363106&level=exhigh
[32m[INFO][0m Request Success: [eapi] /lyric?id=363106
[32m[INFO][0m Request Success: [eapi] /lyric/new?id=363106
[32m[INFO][0m Request Success: [eapi] /search?keywords=test&limit=1
[32m[INFO][0m Request Success: [eapi] /search?keywords=test&limit=1
[32m[INFO][0m Request Success: [eapi] /search?keywords=test&limit=1
[32m[INFO][0m Request Success: [eapi] /search?keywords=test&limit=1
[32m[INFO][0m Request Success: [eapi] /search?keywords=test&limit=1
[32m[INFO][0m Request Success: [eapi] /search?keywords=test&limit=1
[32m[INFO][0m Request Success: [eapi] /search?keywords=test&limit=1
[32m[INFO][0m Request Success: [eapi] /search?keywords=babysister&limit=1
◇ injected env (0) from .env // tip: ⌘ multiple files { path: ['.env.local', '.env'] }
[32m[INFO][0m Request Success: [xeapi] /song/url/v1?id=363106&level=exhigh
[32m[INFO][0m Request Success: [eapi] /lyric?id=363106
[32m[INFO][0m Request Success: [eapi] /lyric/new?id=363106
[32m[INFO][0m Request Success: [eapi] /search?keywords=test&limit=1
[32m[INFO][0m Request Success: [eapi] /search?keywords=test&limit=1
[32m[INFO][0m Request Success: [eapi] /search?keywords=test&limit=1
[32m[INFO][0m Request Success: [eapi] /search?keywords=test&limit=1
[32m[INFO][0m Request Success: [eapi] /search?keywords=babysister&limit=1
◇ injected env (0) from .env // tip: ◈ secrets for agents [www.dotenvx.com]
[32m[INFO][0m Request Success: [xeapi] /song/url/v1?id=363106&level=exhigh
[32m[INFO][0m Request Success: [eapi] /lyric?id=363106
[32m[INFO][0m Request Success: [eapi] /lyric/new?id=363106
[32m[INFO][0m Request Success: [eapi] /search?keywords=test&limit=1
[32m[INFO][0m Request Success: [eapi] /search?keywords=test&limit=1
[32m[INFO][0m Request Success: [eapi] /search?keywords=test&limit=1
[32m[INFO][0m Request Success: [eapi] /search?keywords=test&limit=1
[32m[INFO][0m Request Success: [eapi] /search?keywords=test&limit=1
[32m[INFO][0m Request Success: [eapi] /search?keywords=test&limit=1
[32m[INFO][0m Request Success: [eapi] /search?keywords=test&limit=1
[32m[INFO][0m Request Success: [eapi] /search?keywords=test&limit=1
[32m[INFO][0m Request Success: [eapi] /search?keywords=test&limit=1
[32m[INFO][0m Request Success: [eapi] /search?keywords=test&limit=1
[32m[INFO][0m Request Success: [eapi] /search?keywords=test&limit=1
[32m[INFO][0m Request Success: [eapi] /search?keywords=test&limit=1
[32m[INFO][0m Request Success: [eapi] /search?keywords=test&limit=1
[32m[INFO][0m Request Success: [eapi] /search?keywords=test&limit=1
[32m[INFO][0m Request Success: [eapi] /search?keywords=test&limit=1
[32m[INFO][0m Request Success: [eapi] /search?keywords=test&limit=1
[32m[INFO][0m Request Success: [eapi] /search?keywords=test&limit=1
[32m[INFO][0m Request Success: [eapi] /search?keywords=test&limit=1
[32m[INFO][0m Request Success: [eapi] /search?keywords=test&limit=1
[32m[INFO][0m Request Success: [eapi] /search?keywords=test&limit=1
[32m[INFO][0m Request Success: [eapi] /search?keywords=test&limit=1
[32m[INFO][0m Request Success: [eapi] /search?keywords=test&limit=1
[32m[INFO][0m Request Success: [eapi] /search?keywords=test&limit=1
[32m[INFO][0m Request Success: [eapi] /search?keywords=test&limit=1
[32m[INFO][0m Request Success: [eapi] /search?keywords=test&limit=1
[32m[INFO][0m Request Success: [eapi] /search?keywords=test&limit=1
[32m[INFO][0m Request Success: [eapi] /search?keywords=test&limit=1
[32m[INFO][0m Request Success: [eapi] /search?keywords=test&limit=1
[32m[INFO][0m Request Success: [eapi] /search?keywords=test&limit=1
[32m[INFO][0m Request Success: [eapi] /search?keywords=test&limit=1
[32m[INFO][0m Request Success: [eapi] /search?keywords=倘若无我&limit=1
◇ injected env (0) from .env // tip: ◈ encrypted .env [www.dotenvx.com]
[32m[INFO][0m Request Success: [xeapi] /song/url/v1?id=551318903&level=exhigh
[32m[INFO][0m Request Success: [eapi] /lyric?id=551318903
[32m[INFO][0m Request Success: [eapi] /lyric/new?id=551318903
[32m[INFO][0m Request Success: [eapi] /search?keywords=test&limit=1
[32m[INFO][0m Request Success: [eapi] /search?keywords=test&limit=1
[32m[INFO][0m Request Success: [eapi] /search?keywords=test&limit=1
[32m[INFO][0m Request Success: [eapi] /search?keywords=test&limit=1
[32m[INFO][0m Request Success: [eapi] /search?keywords=圆舞曲&limit=1
◇ injected env (0) from .env // tip: ⌘ custom filepath { path: '/custom/path/.env' }
[32m[INFO][0m Request Success: [xeapi] /song/url/v1?id=2135518663&level=exhigh
[32m[INFO][0m Request Success: [eapi] /lyric?id=2135518663
[32m[INFO][0m Request Success: [eapi] /lyric/new?id=2135518663
[32m[INFO][0m Request Success: [eapi] /search?keywords=test&limit=1
[32m[INFO][0m Request Success: [eapi] /search?keywords=test&limit=1
[32m[INFO][0m Request Success: [eapi] /search?keywords=test&limit=1
[32m[INFO][0m Request Success: [eapi] /search?keywords=test&limit=1
[32m[INFO][0m Request Success: [eapi] /search?keywords=test&limit=1
[32m[INFO][0m Request Success: [eapi] /search?keywords=test&limit=1
[32m[INFO][0m Request Success: [eapi] /search?keywords=源舞曲&limit=1
◇ injected env (0) from .env // tip: ⌁ auth for agents [www.vestauth.com]
[32m[INFO][0m Request Success: [xeapi] /song/url/v1?id=1808944943&level=exhigh
[32m[INFO][0m Request Success: [eapi] /lyric?id=1808944943
[32m[INFO][0m Request Success: [eapi] /lyric/new?id=1808944943
[32m[INFO][0m Request Success: [eapi] /search?keywords=王源+圆舞曲&limit=1
◇ injected env (0) from .env // tip: ⌘ enable debugging { debug: true }
[32m[INFO][0m Request Success: [xeapi] /song/url/v1?id=2115519678&level=exhigh
[32m[INFO][0m Request Success: [eapi] /lyric?id=2115519678
[32m[INFO][0m Request Success: [eapi] /lyric/new?id=2115519678
[32m[INFO][0m Request Success: [eapi] /search?keywords=test&limit=1
[32m[INFO][0m Request Success: [eapi] /search?keywords=test&limit=1
[32m[INFO][0m Request Success: [eapi] /search?keywords=test&limit=1
[32m[INFO][0m Request Success: [eapi] /search?keywords=test&limit=1
[32m[INFO][0m Request Success: [eapi] /search?keywords=test&limit=1
[32m[INFO][0m Request Success: [eapi] /search?keywords=test&limit=1
[32m[INFO][0m Request Success: [eapi] /search?keywords=圆舞曲王源&limit=1
◇ injected env (0) from .env // tip: ⌘ override existing { override: true }
[32m[INFO][0m Request Success: [xeapi] /song/url/v1?id=1347529801&level=exhigh
[32m[INFO][0m Request Success: [eapi] /lyric?id=1347529801
[32m[INFO][0m Request Success: [eapi] /lyric/new?id=1347529801
[32m[INFO][0m Request Success: [eapi] /search?keywords=test&limit=1
[32m[INFO][0m Request Success: [eapi] /search?keywords=test&limit=1
[32m[INFO][0m Request Success: [eapi] /search?keywords=test&limit=1
[32m[INFO][0m Request Success: [eapi] /search?keywords=恰恰舞&limit=1
◇ injected env (0) from .env // tip: ⌘ override existing { override: true }
[32m[INFO][0m Request Success: [xeapi] /song/url/v1?id=5220614&level=exhigh
[32m[INFO][0m Request Success: [eapi] /lyric?id=5220614
[32m[INFO][0m Request Success: [eapi] /lyric/new?id=5220614
[32m[INFO][0m Request Success: [eapi] /search?keywords=test&limit=1
[32m[INFO][0m Request Success: [eapi] /search?keywords=test&limit=1
[32m[INFO][0m Request Success: [eapi] /search?keywords=哦呢love&limit=1
◇ injected env (0) from .env // tip: ⌘ multiple files { path: ['.env.local', '.env'] }
[32m[INFO][0m Request Success: [xeapi] /song/url/v1?id=1447921596&level=exhigh
[32m[INFO][0m Request Success: [eapi] /lyric?id=1447921596
[32m[INFO][0m Request Success: [eapi] /lyric/new?id=1447921596
[32m[INFO][0m Request Success: [eapi] /search?keywords=test&limit=1
[32m[INFO][0m Request Success: [eapi] /search?keywords=test&limit=1
[32m[INFO][0m Request Success: [eapi] /search?keywords=test&limit=1
[32m[INFO][0m Request Success: [eapi] /search?keywords=test&limit=1
[32m[INFO][0m Request Success: [eapi] /search?keywords=test&limit=1
[32m[INFO][0m Request Success: [eapi] /search?keywords=test&limit=1
[32m[INFO][0m Request Success: [eapi] /search?keywords=test&limit=1
[32m[INFO][0m Request Success: [eapi] /search?keywords=test&limit=1
[32m[INFO][0m Request Success: [eapi] /search?keywords=深夜书店&limit=1
◇ injected env (0) from .env // tip: ⌘ suppress logs { quiet: true }
[32m[INFO][0m Request Success: [xeapi] /song/url/v1?id=465677131&level=exhigh
[32m[INFO][0m Starting unblock(uses general unblock): 465677131
INFO: (provider/match) Replaced: [465677131] 深夜书店
    audioId: 465677131
    songName: "深夜书店"
    url: "http://bd-er.kuwo.cn/5c5ae4474592275c5d7dd16f38994be4/6ab5615d/resource/1307392909/trackmedia/F000003jAujB1azwmm.flac?from=bodian"
[32m[INFO][0m [2026-09-24T17:43:58.208Z] unm match 465677131 → source=bodian url=http://bd-er.kuwo.cn/5c5ae4474592275c5d7dd16f38994be4/6ab5615d/resource/13073929...
[32m[INFO][0m Unblock success! url: http://bd-er.kuwo.cn/5c5ae4474592275c5d7dd16f38994be4/6ab5615d/resource/1307392909/trackmedia/F000003jAujB1azwmm.flac?from=bodian
[32m[INFO][0m Request Success: [eapi] /lyric?id=465677131
[32m[INFO][0m Request Success: [eapi] /lyric/new?id=465677131
[32m[INFO][0m Request Success: [eapi] /search?keywords=test&limit=1
[32m[INFO][0m Request Success: [eapi] /search?keywords=参翅燕尾蝶&limit=1
◇ injected env (0) from .env // tip: ⌘ enable debugging { debug: true }
[32m[INFO][0m Request Success: [xeapi] /song/url/v1?id=2699921729&level=exhigh
[32m[INFO][0m Starting unblock(uses general unblock): 2699921729
INFO: (provider/match) Replaced: [2699921729] 断翅燕尾蝶
    audioId: 2699921729
    songName: "断翅燕尾蝶"
    url: "http://bd-er.kuwo.cn/8774b4c3b0dcc5bbad343749cd590b8e/6ab561ef/resource/30106/trackmedia/F000004Cdqqv2AUbGn.flac?from=bodian"
[32m[INFO][0m [2026-09-24T17:46:24.712Z] unm match 2699921729 → source=bodian url=http://bd-er.kuwo.cn/8774b4c3b0dcc5bbad343749cd590b8e/6ab561ef/resource/30106/tr...
[32m[INFO][0m Unblock success! url: http://bd-er.kuwo.cn/8774b4c3b0dcc5bbad343749cd590b8e/6ab561ef/resource/30106/trackmedia/F000004Cdqqv2AUbGn.flac?from=bodian
[32m[INFO][0m Request Success: [eapi] /lyric?id=2699921729
[32m[INFO][0m Request Success: [eapi] /lyric/new?id=2699921729
[32m[INFO][0m Request Success: [eapi] /search?keywords=test&limit=1
[32m[INFO][0m Request Success: [eapi] /search?keywords=参翅燕尾蝶&limit=1
◇ injected env (0) from .env // tip: ⌘ override existing { override: true }
[32m[INFO][0m Request Success: [xeapi] /song/url/v1?id=2699921729&level=exhigh
[32m[INFO][0m Starting unblock(uses general unblock): 2699921729
INFO: (provider/match) Replaced: [2699921729] 断翅燕尾蝶
    audioId: 2699921729
    songName: "断翅燕尾蝶"
    url: "http://bd-er.kuwo.cn/32554589bf9e58c76cec807f0e7c870a/6ab5627c/resource/30106/trackmedia/F000004Cdqqv2AUbGn.flac?from=bodian"
[32m[INFO][0m [2026-09-24T17:48:45.122Z] unm match 2699921729 → source=bodian url=http://bd-er.kuwo.cn/32554589bf9e58c76cec807f0e7c870a/6ab5627c/resource/30106/tr...
[32m[INFO][0m Unblock success! url: http://bd-er.kuwo.cn/32554589bf9e58c76cec807f0e7c870a/6ab5627c/resource/30106/trackmedia/F000004Cdqqv2AUbGn.flac?from=bodian
[32m[INFO][0m Request Success: [eapi] /lyric?id=2699921729
[32m[INFO][0m Request Success: [eapi] /lyric/new?id=2699921729
[32m[INFO][0m Request Success: [eapi] /search?keywords=test&limit=1
[32m[INFO][0m Request Success: [eapi] /search?keywords=test&limit=1
[32m[INFO][0m Request Success: [eapi] /search?keywords=参翅燕尾蝶&limit=1
◇ injected env (0) from .env // tip: ⌘ enable debugging { debug: true }
[32m[INFO][0m Request Success: [xeapi] /song/url/v1?id=2699921729&level=exhigh
[32m[INFO][0m Starting unblock(uses general unblock): 2699921729
INFO: (provider/match) Replaced: [2699921729] 断翅燕尾蝶
    audioId: 2699921729
    songName: "断翅燕尾蝶"
    url: "http://bd-er.kuwo.cn/17a15d3512dbbf68d6b8a3d56d1a21e1/6ab563c1/resource/30106/trackmedia/F000004Cdqqv2AUbGn.flac?from=bodian"
[32m[INFO][0m [2026-09-24T17:54:09.832Z] unm match 2699921729 → source=bodian url=http://bd-er.kuwo.cn/17a15d3512dbbf68d6b8a3d56d1a21e1/6ab563c1/resource/30106/tr...
[32m[INFO][0m Unblock success! url: http://bd-er.kuwo.cn/17a15d3512dbbf68d6b8a3d56d1a21e1/6ab563c1/resource/30106/trackmedia/F000004Cdqqv2AUbGn.flac?from=bodian
[32m[INFO][0m Request Success: [eapi] /lyric?id=2699921729
[32m[INFO][0m Request Success: [eapi] /lyric/new?id=2699921729
[32m[INFO][0m Request Success: [eapi] /search?keywords=test&limit=1
[32m[INFO][0m Request Success: [eapi] /search?keywords=test&limit=1
[32m[INFO][0m Request Success: [eapi] /search?keywords=test&limit=1
[32m[INFO][0m Request Success: [eapi] /search?keywords=test&limit=1
[32m[INFO][0m Request Success: [eapi] /search?keywords=test&limit=1
[32m[INFO][0m Request Success: [eapi] /search?keywords=test&limit=1
[32m[INFO][0m Request Success: [eapi] /search?keywords=test&limit=1
[32m[INFO][0m Request Success: [eapi] /search?keywords=test&limit=1
[32m[INFO][0m Request Success: [eapi] /search?keywords=test&limit=1
[32m[INFO][0m Request Success: [eapi] /search?keywords=参翅燕尾蝶&limit=1
◇ injected env (0) from .env // tip: ⌘ multiple files { path: ['.env.local', '.env'] }
[32m[INFO][0m Request Success: [xeapi] /song/url/v1?id=2699921729&level=exhigh
[32m[INFO][0m Starting unblock(uses general unblock): 2699921729
INFO: (provider/match) Replaced: [2699921729] 断翅燕尾蝶
    audioId: 2699921729
    songName: "断翅燕尾蝶"
    url: "http://bd-er.kuwo.cn/f0a2f96d9c6d74117950ac1468e141b4/6ab56903/resource/30106/trackmedia/F000004Cdqqv2AUbGn.flac?from=bodian"
[32m[INFO][0m [2026-09-24T18:16:36.196Z] unm match 2699921729 → source=bodian url=http://bd-er.kuwo.cn/f0a2f96d9c6d74117950ac1468e141b4/6ab56903/resource/30106/tr...
[32m[INFO][0m Unblock success! url: http://bd-er.kuwo.cn/f0a2f96d9c6d74117950ac1468e141b4/6ab56903/resource/30106/trackmedia/F000004Cdqqv2AUbGn.flac?from=bodian
[32m[INFO][0m Request Success: [eapi] /lyric?id=2699921729
[32m[INFO][0m Request Success: [eapi] /lyric/new?id=2699921729
[32m[INFO][0m Request Success: [eapi] /search?keywords=test&limit=1
[32m[INFO][0m Request Success: [eapi] /search?keywords=test&limit=1
[32m[INFO][0m Request Success: [eapi] /search?keywords=test&limit=1
[32m[INFO][0m Request Success: [eapi] /search?keywords=test&limit=1
[32m[INFO][0m Request Success: [eapi] /search?keywords=参翅燕尾蝶&limit=1
◇ injected env (0) from .env // tip: ◈ secrets for agents [www.dotenvx.com]
[32m[INFO][0m Request Success: [xeapi] /song/url/v1?id=2699921729&level=exhigh
[32m[INFO][0m Starting unblock(uses general unblock): 2699921729
INFO: (provider/match) Replaced: [2699921729] 断翅燕尾蝶
    audioId: 2699921729
    songName: "断翅燕尾蝶"
    url: "http://bd-er.kuwo.cn/9e9612a9f2ecce3ca66c3034f94ccc69/6ab56d3a/resource/30106/trackmedia/F000004Cdqqv2AUbGn.flac?from=bodian"
[32m[INFO][0m [2026-09-24T18:34:35.561Z] unm match 2699921729 → source=bodian url=http://bd-er.kuwo.cn/9e9612a9f2ecce3ca66c3034f94ccc69/6ab56d3a/resource/30106/tr...
[32m[INFO][0m Unblock success! url: http://bd-er.kuwo.cn/9e9612a9f2ecce3ca66c3034f94ccc69/6ab56d3a/resource/30106/trackmedia/F000004Cdqqv2AUbGn.flac?from=bodian
[32m[INFO][0m Request Success: [eapi] /lyric?id=2699921729
[32m[INFO][0m Request Success: [eapi] /lyric/new?id=2699921729
[32m[INFO][0m Request Success: [eapi] /search?keywords=test&limit=1
[32m[INFO][0m Request Success: [eapi] /search?keywords=test&limit=1
[32m[INFO][0m Request Success: [eapi] /search?keywords=test&limit=1
[32m[INFO][0m Request Success: [eapi] /search?keywords=test&limit=1
[32m[INFO][0m Request Success: [eapi] /search?keywords=参翅燕尾蝶&limit=1
◇ injected env (0) from .env // tip: ◈ secrets for agents [www.dotenvx.com]
[32m[INFO][0m Request Success: [xeapi] /song/url/v1?id=2699921729&level=exhigh
[32m[INFO][0m Starting unblock(uses general unblock): 2699921729
INFO: (provider/match) Replaced: [2699921729] 断翅燕尾蝶
    audioId: 2699921729
    songName: "断翅燕尾蝶"
    url: "http://bd-er.kuwo.cn/b097508f81c0365997fd86e35ba0f7ac/6ab56f23/resource/30106/trackmedia/F000004Cdqqv2AUbGn.flac?from=bodian"
[32m[INFO][0m [2026-09-24T18:42:44.618Z] unm match 2699921729 → source=bodian url=http://bd-er.kuwo.cn/b097508f81c0365997fd86e35ba0f7ac/6ab56f23/resource/30106/tr...
[32m[INFO][0m Unblock success! url: http://bd-er.kuwo.cn/b097508f81c0365997fd86e35ba0f7ac/6ab56f23/resource/30106/trackmedia/F000004Cdqqv2AUbGn.flac?from=bodian
[32m[INFO][0m Request Success: [eapi] /lyric?id=2699921729
[32m[INFO][0m Request Success: [eapi] /lyric/new?id=2699921729
[32m[INFO][0m Request Success: [eapi] /search?keywords=test&limit=1
[32m[INFO][0m Request Success: [eapi] /search?keywords=test&limit=1
[32m[INFO][0m Request Success: [eapi] /search?keywords=参翅燕尾蝶&limit=1
◇ injected env (0) from .env // tip: ⌘ override existing { override: true }
[32m[INFO][0m Request Success: [xeapi] /song/url/v1?id=2699921729&level=exhigh
[32m[INFO][0m Starting unblock(uses general unblock): 2699921729
INFO: (provider/match) Replaced: [2699921729] 断翅燕尾蝶
    audioId: 2699921729
    songName: "断翅燕尾蝶"
    url: "http://bd-er.kuwo.cn/64aeb922e9afe933217ced80897653c2/6ab56fde/resource/30106/trackmedia/F000004Cdqqv2AUbGn.flac?from=bodian"
[32m[INFO][0m [2026-09-24T18:45:51.216Z] unm match 2699921729 → source=bodian url=http://bd-er.kuwo.cn/64aeb922e9afe933217ced80897653c2/6ab56fde/resource/30106/tr...
[32m[INFO][0m Unblock success! url: http://bd-er.kuwo.cn/64aeb922e9afe933217ced80897653c2/6ab56fde/resource/30106/trackmedia/F000004Cdqqv2AUbGn.flac?from=bodian
[32m[INFO][0m Request Success: [eapi] /lyric?id=2699921729
[32m[INFO][0m Request Success: [eapi] /lyric/new?id=2699921729
[32m[INFO][0m Request Success: [eapi] /search?keywords=test&limit=1
[32m[INFO][0m Request Success: [eapi] /search?keywords=圆舞曲王源&limit=1
◇ injected env (0) from .env // tip: ⌁ auth for agents [www.vestauth.com]
[32m[INFO][0m Request Success: [xeapi] /song/url/v1?id=1347529801&level=exhigh
[32m[INFO][0m Request Success: [eapi] /lyric?id=1347529801
[32m[INFO][0m Request Success: [eapi] /lyric/new?id=1347529801
[32m[INFO][0m Request Success: [eapi] /search?keywords=test&limit=1
[32m[INFO][0m Request Success: [eapi] /search?keywords=test&limit=1
[32m[INFO][0m Request Success: [eapi] /search?keywords=test&limit=1
[32m[INFO][0m Request Success: [eapi] /search?keywords=test&limit=1
[32m[INFO][0m Request Success: [eapi] /search?keywords=test&limit=1
[32m[INFO][0m Request Success: [eapi] /search?keywords=test&limit=1
[32m[INFO][0m Request Success: [eapi] /search?keywords=test&limit=1
[32m[INFO][0m Request Success: [eapi] /search?keywords=test&limit=1
[32m[INFO][0m Request Success: [eapi] /search?keywords=参翅燕尾蝶&limit=1
◇ injected env (0) from .env // tip: ◈ encrypted .env [www.dotenvx.com]
[32m[INFO][0m Request Success: [xeapi] /song/url/v1?id=2699921729&level=exhigh
[32m[INFO][0m Starting unblock(uses general unblock): 2699921729
INFO: (provider/match) Replaced: [2699921729] 断翅燕尾蝶
    audioId: 2699921729
    songName: "断翅燕尾蝶"
    url: "http://bd-er.kuwo.cn/bc965b13ffc13caea0b8904a10579267/6ab57450/resource/30106/trackmedia/F000004Cdqqv2AUbGn.flac?from=bodian"
[32m[INFO][0m [2026-09-24T19:04:49.499Z] unm match 2699921729 → source=bodian url=http://bd-er.kuwo.cn/bc965b13ffc13caea0b8904a10579267/6ab57450/resource/30106/tr...
[32m[INFO][0m Unblock success! url: http://bd-er.kuwo.cn/bc965b13ffc13caea0b8904a10579267/6ab57450/resource/30106/trackmedia/F000004Cdqqv2AUbGn.flac?from=bodian
[32m[INFO][0m Request Success: [eapi] /lyric?id=2699921729
[32m[INFO][0m Request Success: [eapi] /lyric/new?id=2699921729
[32m[INFO][0m Request Success: [eapi] /search?keywords=test&limit=1
[32m[INFO][0m Request Success: [eapi] /search?keywords=test&limit=1
[32m[INFO][0m Request Success: [eapi] /search?keywords=test&limit=1
[32m[INFO][0m Request Success: [eapi] /search?keywords=参翅燕尾蝶&limit=1
◇ injected env (0) from .env // tip: ⌘ override existing { override: true }
[32m[INFO][0m Request Success: [xeapi] /song/url/v1?id=2699921729&level=exhigh
[32m[INFO][0m Starting unblock(uses general unblock): 2699921729
INFO: (provider/match) Replaced: [2699921729] 断翅燕尾蝶
    audioId: 2699921729
    songName: "断翅燕尾蝶"
    url: "http://bd-er.kuwo.cn/7797b451aa17dcde66135af1d33c9a74/6ab576d5/resource/30106/trackmedia/F000004Cdqqv2AUbGn.flac?from=bodian"
[32m[INFO][0m [2026-09-24T19:15:34.728Z] unm match 2699921729 → source=bodian url=http://bd-er.kuwo.cn/7797b451aa17dcde66135af1d33c9a74/6ab576d5/resource/30106/tr...
[32m[INFO][0m Unblock success! url: http://bd-er.kuwo.cn/7797b451aa17dcde66135af1d33c9a74/6ab576d5/resource/30106/trackmedia/F000004Cdqqv2AUbGn.flac?from=bodian
[32m[INFO][0m Request Success: [eapi] /lyric?id=2699921729
[32m[INFO][0m Request Success: [eapi] /lyric/new?id=2699921729
[32m[INFO][0m Request Success: [eapi] /search?keywords=test&limit=1
[32m[INFO][0m Request Success: [eapi] /search?keywords=虚拟女友&limit=1
◇ injected env (0) from .env // tip: ⌘ custom filepath { path: '/custom/path/.env' }
[32m[INFO][0m Request Success: [xeapi] /song/url/v1?id=1902776034&level=exhigh
[32m[INFO][0m Request Success: [eapi] /lyric?id=1902776034
[32m[INFO][0m Request Success: [eapi] /lyric/new?id=1902776034
[32m[INFO][0m Request Success: [eapi] /search?keywords=test&limit=1
[32m[INFO][0m Request Success: [eapi] /search?keywords=test&limit=1
[32m[INFO][0m Request Success: [eapi] /search?keywords=test&limit=1
[32m[INFO][0m Request Success: [eapi] /search?keywords=上海蟹伴奏&limit=1
◇ injected env (0) from .env // tip: ⌘ enable debugging { debug: true }
[32m[INFO][0m Request Success: [xeapi] /song/url/v1?id=1949073459&level=exhigh
[32m[INFO][0m Request Success: [eapi] /lyric?id=1949073459
[32m[INFO][0m Request Success: [eapi] /lyric/new?id=1949073459
[32m[INFO][0m Request Success: [eapi] /search?keywords=test&limit=1
[32m[INFO][0m Request Success: [eapi] /search?keywords=test&limit=1
[32m[INFO][0m Request Success: [eapi] /search?keywords=test&limit=1
[32m[INFO][0m Request Success: [eapi] /search?keywords=test&limit=1
[32m[INFO][0m Request Success: [eapi] /search?keywords=test&limit=1
[32m[INFO][0m Request Success: [eapi] /search?keywords=test&limit=1
[32m[INFO][0m Request Success: [eapi] /search?keywords=test&limit=1
[32m[INFO][0m Request Success: [eapi] /search?keywords=test&limit=1
[32m[INFO][0m Request Success: [eapi] /search?keywords=test&limit=1
[32m[INFO][0m Request Success: [eapi] /search?keywords=test&limit=1
[32m[INFO][0m Request Success: [eapi] /search?keywords=test&limit=1
[32m[INFO][0m Request Success: [eapi] /search?keywords=test&limit=1
[32m[INFO][0m Request Success: [eapi] /search?keywords=test&limit=1
[32m[INFO][0m Request Success: [eapi] /search?keywords=test&limit=1
[32m[INFO][0m Request Success: [eapi] /search?keywords=test&limit=1
[32m[INFO][0m Request Success: [eapi] /search?keywords=test&limit=1
[32m[INFO][0m Request Success: [eapi] /search?keywords=test&limit=1
[32m[INFO][0m Request Success: [eapi] /search?keywords=test&limit=1
[32m[INFO][0m Request Success: [eapi] /search?keywords=test&limit=1
[32m[INFO][0m Request Success: [eapi] /search?keywords=test&limit=1
[32m[INFO][0m Request Success: [eapi] /search?keywords=test&limit=1
[32m[INFO][0m Request Success: [eapi] /search?keywords=test&limit=1
[32m[INFO][0m Request Success: [eapi] /search?keywords=test&limit=1
[32m[INFO][0m Request Success: [eapi] /search?keywords=test&limit=1
[32m[INFO][0m Request Success: [eapi] /search?keywords=test&limit=1
[32m[INFO][0m Request Success: [eapi] /search?keywords=test&limit=1
[32m[INFO][0m Request Success: [eapi] /search?keywords=test&limit=1
[32m[INFO][0m Request Success: [eapi] /search?keywords=test&limit=1
[32m[INFO][0m Request Success: [eapi] /search?keywords=test&limit=1
[32m[INFO][0m Request Success: [eapi] /search?keywords=test&limit=1
[32m[INFO][0m Request Success: [eapi] /search?keywords=test&limit=1
[32m[INFO][0m Request Success: [eapi] /search?keywords=test&limit=1
[32m[INFO][0m Request Success: [eapi] /search?keywords=test&limit=1
[32m[INFO][0m Request Success: [eapi] /search?keywords=test&limit=1
[32m[INFO][0m Request Success: [eapi] /search?keywords=test&limit=1
[32m[INFO][0m Request Success: [eapi] /search?keywords=test&limit=1
[32m[INFO][0m Request Success: [eapi] /search?keywords=test&limit=1
[32m[INFO][0m Request Success: [eapi] /search?keywords=test&limit=1
[32m[INFO][0m Request Success: [eapi] /search?keywords=test&limit=1
[32m[INFO][0m Request Success: [eapi] /search?keywords=test&limit=1
[32m[INFO][0m Request Success: [eapi] /search?keywords=test&limit=1
[32m[INFO][0m Request Success: [eapi] /search?keywords=test&limit=1
[32m[INFO][0m Request Success: [eapi] /search?keywords=test&limit=1
[32m[INFO][0m Request Success: [eapi] /search?keywords=test&limit=1
[32m[INFO][0m Request Success: [eapi] /search?keywords=test&limit=1
[32m[INFO][0m Request Success: [eapi] /search?keywords=test&limit=1
[32m[INFO][0m Request Success: [eapi] /search?keywords=test&limit=1
[32m[INFO][0m Request Success: [eapi] /search?keywords=test&limit=1
[32m[INFO][0m Request Success: [eapi] /search?keywords=test&limit=1
[32m[INFO][0m Request Success: [eapi] /search?keywords=test&limit=1
[32m[INFO][0m Request Success: [eapi] /search?keywords=test&limit=1
[32m[INFO][0m Request Success: [eapi] /search?keywords=test&limit=1
[32m[INFO][0m Request Success: [eapi] /search?keywords=test&limit=1
[32m[INFO][0m Request Success: [eapi] /search?keywords=test&limit=1
[32m[INFO][0m Request Success: [eapi] /search?keywords=test&limit=1
[32m[INFO][0m Request Success: [eapi] /search?keywords=test&limit=1
[32m[INFO][0m Request Success: [eapi] /search?keywords=test&limit=1
[32m[INFO][0m Request Success: [eapi] /search?keywords=test&limit=1
[32m[INFO][0m Request Success: [eapi] /search?keywords=test&limit=1
[32m[INFO][0m Request Success: [eapi] /search?keywords=test&limit=1
[32m[INFO][0m Request Success: [eapi] /search?keywords=test&limit=1
[32m[INFO][0m Request Success: [eapi] /search?keywords=test&limit=1
[32m[INFO][0m Request Success: [eapi] /search?keywords=test&limit=1
[32m[INFO][0m Request Success: [eapi] /search?keywords=test&limit=1
[32m[INFO][0m Request Success: [eapi] /search?keywords=test&limit=1
[32m[INFO][0m Request Success: [eapi] /search?keywords=test&limit=1
[32m[INFO][0m Request Success: [eapi] /search?keywords=test&limit=1
[32m[INFO][0m Request Success: [eapi] /search?keywords=test&limit=1
[32m[INFO][0m Request Success: [eapi] /search?keywords=test&limit=1
[32m[INFO][0m Request Success: [eapi] /search?keywords=test&limit=1
[32m[INFO][0m Request Success: [eapi] /search?keywords=test&limit=1
[32m[INFO][0m Request Success: [eapi] /search?keywords=test&limit=1
[32m[INFO][0m Request Success: [eapi] /search?keywords=test&limit=1
[32m[INFO][0m Request Success: [eapi] /search?keywords=test&limit=1
[32m[INFO][0m Request Success: [eapi] /search?keywords=test&limit=1
[32m[INFO][0m Request Success: [eapi] /search?keywords=test&limit=1
[32m[INFO][0m Request Success: [eapi] /search?keywords=test&limit=1
[32m[INFO][0m Request Success: [eapi] /search?keywords=test&limit=1
[32m[INFO][0m Request Success: [eapi] /search?keywords=test&limit=1
[32m[INFO][0m Request Success: [eapi] /search?keywords=test&limit=1
[32m[INFO][0m Request Success: [eapi] /search?keywords=test&limit=1
[32m[INFO][0m Request Success: [eapi] /search?keywords=test&limit=1
[32m[INFO][0m Request Success: [eapi] /search?keywords=test&limit=1
[32m[INFO][0m Request Success: [eapi] /search?keywords=test&limit=1
[32m[INFO][0m Request Success: [eapi] /search?keywords=test&limit=1
[32m[INFO][0m Request Success: [eapi] /search?keywords=test&limit=1
[32m[INFO][0m Request Success: [eapi] /search?keywords=test&limit=1
[32m[INFO][0m Request Success: [eapi] /search?keywords=test&limit=1
[32m[INFO][0m Request Success: [eapi] /search?keywords=test&limit=1
[32m[INFO][0m Request Success: [eapi] /search?keywords=test&limit=1
[32m[INFO][0m Request Success: [eapi] /search?keywords=test&limit=1
[32m[INFO][0m Request Success: [eapi] /search?keywords=test&limit=1
[32m[INFO][0m Request Success: [eapi] /search?keywords=test&limit=1
[32m[INFO][0m Request Success: [eapi] /search?keywords=test&limit=1
[32m[INFO][0m Request Success: [eapi] /search?keywords=test&limit=1
[32m[INFO][0m Request Success: [eapi] /search?keywords=test&limit=1
[32m[INFO][0m Request Success: [eapi] /search?keywords=test&limit=1
[32m[INFO][0m Request Success: [eapi] /search?keywords=test&limit=1
[32m[INFO][0m Request Success: [eapi] /search?keywords=test&limit=1
[32m[INFO][0m Request Success: [eapi] /search?keywords=test&limit=1
[32m[INFO][0m Request Success: [eapi] /search?keywords=test&limit=1
[32m[INFO][0m Request Success: [eapi] /search?keywords=test&limit=1
[32m[INFO][0m Request Success: [eapi] /search?keywords=test&limit=1
[32m[INFO][0m Request Success: [eapi] /search?keywords=test&limit=1
[32m[INFO][0m Request Success: [eapi] /search?keywords=test&limit=1
[32m[INFO][0m Request Success: [eapi] /search?keywords=test&limit=1
[32m[INFO][0m Request Success: [eapi] /search?keywords=test&limit=1
[32m[INFO][0m Request Success: [eapi] /search?keywords=test&limit=1
[32m[INFO][0m Request Success: [eapi] /search?keywords=test&limit=1
[32m[INFO][0m Request Success: [eapi] /search?keywords=test&limit=1
[32m[INFO][0m Request Success: [eapi] /search?keywords=test&limit=1
[32m[INFO][0m Request Success: [eapi] /search?keywords=test&limit=1
[32m[INFO][0m Request Success: [eapi] /search?keywords=test&limit=1
[32m[INFO][0m Request Success: [eapi] /search?keywords=test&limit=1
[32m[INFO][0m Request Success: [eapi] /search?keywords=test&limit=1
[32m[INFO][0m Request Success: [eapi] /search?keywords=test&limit=1
[32m[INFO][0m Request Success: [eapi] /search?keywords=test&limit=1
[32m[INFO][0m Request Success: [eapi] /search?keywords=test&limit=1
[32m[INFO][0m Request Success: [eapi] /search?keywords=test&limit=1
[32m[INFO][0m Request Success: [eapi] /search?keywords=test&limit=1
[32m[INFO][0m Request Success: [eapi] /search?keywords=test&limit=1
[32m[INFO][0m Request Success: [eapi] /search?keywords=test&limit=1
[32m[INFO][0m Request Success: [eapi] /search?keywords=test&limit=1
[32m[INFO][0m Request Success: [eapi] /search?keywords=test&limit=1
[32m[INFO][0m Request Success: [eapi] /search?keywords=test&limit=1
[32m[INFO][0m Request Success: [eapi] /search?keywords=test&limit=1
[32m[INFO][0m Request Success: [eapi] /search?keywords=test&limit=1
[32m[INFO][0m Request Success: [eapi] /search?keywords=test&limit=1
[32m[INFO][0m Request Success: [eapi] /search?keywords=test&limit=1
[32m[INFO][0m Request Success: [eapi] /search?keywords=test&limit=1
[32m[INFO][0m Request Success: [eapi] /search?keywords=test&limit=1
[32m[INFO][0m Request Success: [eapi] /search?keywords=test&limit=1
[32m[INFO][0m Request Success: [eapi] /search?keywords=test&limit=1
[32m[INFO][0m Request Success: [eapi] /search?keywords=test&limit=1
[32m[INFO][0m Request Success: [eapi] /search?keywords=test&limit=1
[32m[INFO][0m Request Success: [eapi] /search?keywords=test&limit=1
[32m[INFO][0m Request Success: [eapi] /search?keywords=test&limit=1
[32m[INFO][0m Request Success: [eapi] /search?keywords=test&limit=1
[32m[INFO][0m Request Success: [eapi] /search?keywords=test&limit=1
[32m[INFO][0m Request Success: [eapi] /search?keywords=test&limit=1
[32m[INFO][0m Request Success: [eapi] /search?keywords=test&limit=1
[32m[INFO][0m Request Success: [eapi] /search?keywords=test&limit=1
[32m[INFO][0m Request Success: [eapi] /search?keywords=test&limit=1
[32m[INFO][0m Request Success: [eapi] /search?keywords=test&limit=1
[32m[INFO][0m Request Success: [eapi] /search?keywords=test&limit=1
[32m[INFO][0m Request Success: [eapi] /search?keywords=test&limit=1
[32m[INFO][0m Request Success: [eapi] /search?keywords=test&limit=1
[32m[INFO][0m Request Success: [eapi] /search?keywords=test&limit=1
[32m[INFO][0m Request Success: [eapi] /search?keywords=test&limit=1
[32m[INFO][0m Request Success: [eapi] /search?keywords=test&limit=1
[32m[INFO][0m Request Success: [eapi] /search?keywords=参翅燕尾蝶&limit=1
◇ injected env (0) from .env // tip: ⌘ enable debugging { debug: true }
[32m[INFO][0m Request Success: [xeapi] /song/url/v1?id=2699921729&level=exhigh
[32m[INFO][0m Starting unblock(uses general unblock): 2699921729
INFO: (provider/match) Replaced: [2699921729] 断翅燕尾蝶
    audioId: 2699921729
    songName: "断翅燕尾蝶"
    url: "http://bd-er.kuwo.cn/eaabdbb3bd14b3dfc7184e74eb228813/6ab5c3ff/resource/30106/trackmedia/F000004Cdqqv2AUbGn.flac?from=bodian"
[32m[INFO][0m [2026-09-25T00:44:48.700Z] unm match 2699921729 → source=bodian url=http://bd-er.kuwo.cn/eaabdbb3bd14b3dfc7184e74eb228813/6ab5c3ff/resource/30106/tr...
[32m[INFO][0m Unblock success! url: http://bd-er.kuwo.cn/eaabdbb3bd14b3dfc7184e74eb228813/6ab5c3ff/resource/30106/trackmedia/F000004Cdqqv2AUbGn.flac?from=bodian
[32m[INFO][0m Request Success: [eapi] /lyric?id=2699921729
[32m[INFO][0m Request Success: [eapi] /lyric/new?id=2699921729
[32m[INFO][0m Request Success: [eapi] /search?keywords=test&limit=1
[32m[INFO][0m Request Success: [eapi] /search?keywords=夏日限定&limit=1
◇ injected env (0) from .env // tip: ⌘ suppress logs { quiet: true }
[32m[INFO][0m Request Success: [xeapi] /song/url/v1?id=2010214121&level=exhigh
[32m[INFO][0m Request Success: [eapi] /lyric?id=2010214121
[32m[INFO][0m Request Success: [eapi] /lyric/new?id=2010214121
[32m[INFO][0m Request Success: [eapi] /search?keywords=test&limit=1
[32m[INFO][0m Request Success: [eapi] /search?keywords=夏日限定+于贞&limit=1
◇ injected env (0) from .env // tip: ⌘ enable debugging { debug: true }
[32m[INFO][0m Request Success: [xeapi] /song/url/v1?id=1969913158&level=exhigh
[32m[INFO][0m Request Success: [eapi] /lyric?id=1969913158
[32m[INFO][0m Request Success: [eapi] /lyric/new?id=1969913158
[32m[INFO][0m Request Success: [eapi] /search?keywords=test&limit=1
[32m[INFO][0m Request Success: [eapi] /search?keywords=test&limit=1
[32m[INFO][0m Request Success: [eapi] /search?keywords=test&limit=1
[32m[INFO][0m Request Success: [eapi] /search?keywords=test&limit=1
[32m[INFO][0m Request Success: [eapi] /search?keywords=放肆爱&limit=1
◇ injected env (0) from .env // tip: ⌁ auth for agents [www.vestauth.com]
[32m[INFO][0m Request Success: [xeapi] /song/url/v1?id=1450718554&level=exhigh
[32m[INFO][0m Request Success: [eapi] /lyric?id=1450718554
[32m[INFO][0m Request Success: [eapi] /lyric/new?id=1450718554
[32m[INFO][0m Request Success: [eapi] /inner/version
[32m[INFO][0m Request Success: [eapi] /inner/version
[32m[INFO][0m Request Success: [eapi] /search?keywords=test&limit=1
[32m[INFO][0m Request Success: [eapi] /search?keywords=test&limit=1
[32m[INFO][0m Request Success: [eapi] /search?keywords=虚拟女友&limit=15
◇ injected env (0) from .env // tip: ⌘ override existing { override: true }
[32m[INFO][0m Request Success: [xeapi] /song/url/v1?id=1902776034,37782159,1940029259,1821308469&level=exhigh
[32m[INFO][0m Request Success: [eapi] /lyric?id=1902776034
[32m[INFO][0m Request Success: [eapi] /lyric/new?id=1902776034
[32m[INFO][0m Request Success: [eapi] /search?keywords=起风了&limit=15
◇ injected env (0) from .env // tip: ⌘ override existing { override: true }
[32m[INFO][0m Request Success: [xeapi] /song/url/v1?id=1330348068,2636494144,1906484775,1340175443&level=exhigh
[32m[INFO][0m Request Success: [eapi] /lyric?id=1330348068
[32m[INFO][0m Request Success: [eapi] /lyric/new?id=1330348068
[32m[INFO][0m Request Success: [eapi] /search?keywords=晴天+周杰伦&limit=15
◇ injected env (0) from .env // tip: ◈ secrets for agents [www.dotenvx.com]
[32m[INFO][0m Request Success: [xeapi] /song/url/v1?id=2652820720,3440441479,2668397359,3391116218&level=exhigh
[32m[INFO][0m Request Success: [eapi] /lyric?id=2652820720
[32m[INFO][0m Request Success: [eapi] /lyric/new?id=2652820720
[32m[INFO][0m Request Success: [eapi] /search?keywords=晴天+周杰伦&limit=3
[32m[INFO][0m Request Success: [eapi] /search?keywords=test&limit=1
[32m[INFO][0m Request Success: [eapi] /search?keywords=虚拟女友&limit=15
◇ injected env (0) from .env // tip: ◈ encrypted .env [www.dotenvx.com]
[32m[INFO][0m Request Success: [xeapi] /song/url/v1?id=1902776034,37782159,1940029259,1821308469&level=exhigh
[32m[INFO][0m Request Success: [eapi] /lyric?id=1902776034
[32m[INFO][0m Request Success: [eapi] /lyric/new?id=1902776034
[32m[INFO][0m Request Success: [weapi] /song/detail?ids=1902776034
[32m[INFO][0m Request Success: [eapi] /search?keywords=起风了&limit=15
◇ injected env (0) from .env // tip: ⌘ custom filepath { path: '/custom/path/.env' }
[32m[INFO][0m Request Success: [xeapi] /song/url/v1?id=1330348068,2636494144,1475596788,1906484775&level=exhigh
[32m[INFO][0m Request Success: [eapi] /lyric?id=1330348068
[32m[INFO][0m Request Success: [eapi] /lyric/new?id=1330348068
[32m[INFO][0m Request Success: [weapi] /song/detail?ids=1330348068
[32m[INFO][0m Request Success: [eapi] /search?keywords=晴天+周杰伦&limit=15
◇ injected env (0) from .env // tip: ⌘ override existing { override: true }
[32m[INFO][0m Request Success: [xeapi] /song/url/v1?id=3440441479,2668397359,3391116218,525239280&level=exhigh
[32m[INFO][0m Request Success: [eapi] /lyric?id=3440441479
[32m[INFO][0m Request Success: [eapi] /lyric/new?id=3440441479
[32m[INFO][0m Request Success: [weapi] /song/detail?ids=3440441479
[32m[INFO][0m Request Success: [eapi] /search?keywords=孤勇者&limit=15
◇ injected env (0) from .env // tip: ◈ encrypted .env [www.dotenvx.com]
[32m[INFO][0m Request Success: [xeapi] /song/url/v1?id=2737753398,1901371647,2712219947,2635518272&level=exhigh
[32m[INFO][0m Request Success: [eapi] /lyric?id=2737753398
[32m[INFO][0m Request Success: [eapi] /lyric/new?id=2737753398
[32m[INFO][0m Request Success: [weapi] /song/detail?ids=2737753398
[32m[INFO][0m Request Success: [eapi] /cloudsearch?keywords=晴天+歌手:周杰伦&limit=8
[32m[INFO][0m Request Success: [eapi] /search?keywords=test&limit=1
[32m[INFO][0m Request Success: [eapi] /search?keywords=虚拟女友&limit=15
◇ injected env (0) from .env // tip: ⌘ enable debugging { debug: true }
[32m[INFO][0m Request Success: [xeapi] /song/url/v1?id=1902776034,37782159,1940029259,1821308469&level=exhigh
[32m[INFO][0m Request Success: [eapi] /lyric?id=1902776034
[32m[INFO][0m Request Success: [eapi] /lyric/new?id=1902776034
[32m[INFO][0m Request Success: [weapi] /song/detail?ids=1902776034
[32m[INFO][0m Request Success: [eapi] /search?keywords=起风了&limit=15
◇ injected env (0) from .env // tip: ◈ encrypted .env [www.dotenvx.com]
[32m[INFO][0m Request Success: [xeapi] /song/url/v1?id=1330348068,2636494144,1475596788,1906484775&level=exhigh
[32m[INFO][0m Request Success: [eapi] /lyric?id=1330348068
[32m[INFO][0m Request Success: [eapi] /lyric/new?id=1330348068
[32m[INFO][0m Request Success: [weapi] /song/detail?ids=1330348068
[32m[INFO][0m Request Success: [eapi] /search?keywords=晴天+周杰伦&limit=15
◇ injected env (0) from .env // tip: ◈ secrets for agents [www.dotenvx.com]
[32m[INFO][0m Request Success: [xeapi] /song/url/v1?id=2668397359,2064191772,3440441479,3391116218&level=exhigh
[32m[INFO][0m Request Success: [eapi] /lyric?id=2668397359
[32m[INFO][0m Request Success: [eapi] /lyric/new?id=2668397359
[32m[INFO][0m Request Success: [weapi] /song/detail?ids=2668397359
[32m[INFO][0m Request Success: [eapi] /search?keywords=孤勇者&limit=15
◇ injected env (0) from .env // tip: ⌘ suppress logs { quiet: true }
[32m[INFO][0m Request Success: [xeapi] /song/url/v1?id=1901371647,2712219947,2635518272,3370515573&level=exhigh
[32m[INFO][0m Request Success: [eapi] /lyric?id=2712219947
[32m[INFO][0m Request Success: [eapi] /lyric/new?id=2712219947
[32m[INFO][0m Request Success: [weapi] /song/detail?ids=2712219947
[32m[INFO][0m Request Success: [eapi] /search?keywords=孤勇者+陈奕迅&limit=15
◇ injected env (0) from .env // tip: ⌘ enable debugging { debug: true }
[32m[INFO][0m Request Success: [xeapi] /song/url/v1?id=1901371647,2635518272,2712219947,2736209461&level=exhigh
[32m[INFO][0m Request Success: [eapi] /lyric?id=1901371647
[32m[INFO][0m Request Success: [eapi] /lyric/new?id=1901371647
[32m[INFO][0m Request Success: [weapi] /song/detail?ids=1901371647
◇ injected env (0) from .env // tip: ⌘ custom filepath { path: '/custom/path/.env' }
[32m[INFO][0m Request Success: [xeapi] /song/url/v1?id=1330348068,2636494144,1475596788,1340175443&level=exhigh
◇ injected env (0) from .env // tip: ⌁ auth for agents [www.vestauth.com]
[32m[INFO][0m Request Success: [xeapi] /song/url/v1?id=1901371647,3370515573,2737753469,2737753398&level=exhigh
[32m[INFO][0m Request Success: [eapi] /lyric?id=3370515573
[32m[INFO][0m Request Success: [eapi] /lyric/new?id=3370515573
[32m[INFO][0m Request Success: [weapi] /song/detail?ids=3370515573
◇ injected env (0) from .env // tip: ◈ encrypted .env [www.dotenvx.com]
[32m[INFO][0m Request Success: [xeapi] /song/url/v1?id=1901371647,2736209461,2126122355,2737753398&level=exhigh
[32m[INFO][0m Request Success: [eapi] /search?keywords=孤勇者 陈奕迅&limit=5
◇ injected env (0) from .env // tip: ◈ encrypted .env [www.dotenvx.com]
[32m[INFO][0m Request Success: [xeapi] /song/url/v1?id=1901371647&level=exhigh
[32m[INFO][0m Starting unblock(uses general unblock): 1901371647
INFO: (provider/match) Replaced: [1901371647] 孤勇者
    audioId: 1901371647
    songName: "孤勇者"
    url: "http://bd-er.kuwo.cn/b72848904f5715ca76cb886d9c92c2fa/6ab5cde4/resource/1307392909/trackmedia/F000001hE0cD4NPYfX_1.flac?from=bodian"
[32m[INFO][0m [2026-09-25T01:27:01.093Z] unm match 1901371647 → source=bodian url=http://bd-er.kuwo.cn/b72848904f5715ca76cb886d9c92c2fa/6ab5cde4/resource/13073929...
[32m[INFO][0m Unblock success! url: http://bd-er.kuwo.cn/b72848904f5715ca76cb886d9c92c2fa/6ab5cde4/resource/1307392909/trackmedia/F000001hE0cD4NPYfX_1.flac?from=bodian
INFO: (provider/match) Replaced: [1901371647] 孤勇者
    audioId: 1901371647
    songName: "孤勇者"
    url: "http://bd-er.kuwo.cn/7e0375b456802b54ff959a503fd4f86e/6ab5cdf4/resource/1307392909/trackmedia/F000001hE0cD4NPYfX_1.flac?from=bodian"
[32m[INFO][0m [2026-09-25T01:27:17.752Z] unm match 1901371647 → source=bodian url=http://bd-er.kuwo.cn/7e0375b456802b54ff959a503fd4f86e/6ab5cdf4/resource/13073929...
[32m[INFO][0m 开始解灰 1901371647 {
  code: 200,
  message: 'success',
  data: {
    url: 'http://bd-er.kuwo.cn/7e0375b456802b54ff959a503fd4f86e/6ab5cdf4/resource/1307392909/trackmedia/F000001hE0cD4NPYfX_1.flac?from=bodian',
    source: 'unm'
  }
}
[32m[INFO][0m Request Success: [eapi] /song/url/match?id=1901371647
[32m[INFO][0m Starting unblock(uses general unblock): 1901371647
INFO: (provider/match) Replaced: [1901371647] 孤勇者
    audioId: 1901371647
    songName: "孤勇者"
    url: "http://bd-er.kuwo.cn/486a461375cd9a97c846ac9d0d9a285c/6ab5cdf5/resource/1307392909/trackmedia/F000001hE0cD4NPYfX_1.flac?from=bodian"
[32m[INFO][0m [2026-09-25T01:27:17.944Z] unm match 1901371647 → source=bodian url=http://bd-er.kuwo.cn/486a461375cd9a97c846ac9d0d9a285c/6ab5cdf5/resource/13073929...
[32m[INFO][0m Unblock success! url: undefined
◇ injected env (0) from .env // tip: ⌘ custom filepath { path: '/custom/path/.env' }
[32m[INFO][0m Request Success: [xeapi] /song/url/v1?id=1901371647,1985221664,2736209461,2737753398&level=exhigh
INFO: (provider/match) Replaced: [1985221664] 孤勇者 (Live版)
    audioId: 1985221664
    songName: "孤勇者 (Live版)"
    url: "http://bd-lw.kuwo.cn/601972ca845ee71ae434350141e1578f/6ab5ce77/resource/30106/trackmedia/F000001SfOBw2sjgif.flac?from=bodian"
[32m[INFO][0m [2026-09-25T01:29:28.021Z] unm match 1985221664 → source=bodian url=http://bd-lw.kuwo.cn/601972ca845ee71ae434350141e1578f/6ab5ce77/resource/30106/tr...
[32m[INFO][0m 开始解灰 1985221664 {
  code: 200,
  message: 'success',
  data: {
    url: 'http://bd-lw.kuwo.cn/601972ca845ee71ae434350141e1578f/6ab5ce77/resource/30106/trackmedia/F000001SfOBw2sjgif.flac?from=bodian',
    source: 'unm'
  }
}
[32m[INFO][0m Request Success: [eapi] /song/url/match?id=1985221664
[32m[INFO][0m Starting unblock(uses general unblock): 1985221664
INFO: (provider/match) Replaced: [1985221664] 孤勇者 (Live版)
    audioId: 1985221664
    songName: "孤勇者 (Live版)"
    url: "http://bd-lw.kuwo.cn/601972ca845ee71ae434350141e1578f/6ab5ce77/resource/30106/trackmedia/F000001SfOBw2sjgif.flac?from=bodian"
[32m[INFO][0m [2026-09-25T01:29:28.211Z] unm match 1985221664 → source=bodian url=http://bd-lw.kuwo.cn/601972ca845ee71ae434350141e1578f/6ab5ce77/resource/30106/tr...
[32m[INFO][0m Unblock success! url: undefined
[32m[INFO][0m Request Success: [eapi] /search?keywords=test&limit=1
[32m[INFO][0m Request Success: [eapi] /search?keywords=孤勇者+陈奕迅&limit=15
◇ injected env (0) from .env // tip: ⌘ suppress logs { quiet: true }
[32m[INFO][0m Request Success: [xeapi] /song/url/v1?id=1901371647,2736209461,2126122355,2737753398&level=exhigh
INFO: (provider/match) Replaced: [1901371647] 孤勇者
    audioId: 1901371647
    songName: "孤勇者"
    url: "http://bd-er.kuwo.cn/470bd366eda21f2528c8180f5d6238c6/6ab5cf58/resource/1307392909/trackmedia/F000001hE0cD4NPYfX_1.flac?from=bodian"
[32m[INFO][0m [2026-09-25T01:33:13.325Z] unm match 1901371647 → source=bodian url=http://bd-er.kuwo.cn/470bd366eda21f2528c8180f5d6238c6/6ab5cf58/resource/13073929...
[32m[INFO][0m 开始解灰 1901371647 {
  code: 200,
  message: 'success',
  data: {
    url: 'http://bd-er.kuwo.cn/470bd366eda21f2528c8180f5d6238c6/6ab5cf58/resource/1307392909/trackmedia/F000001hE0cD4NPYfX_1.flac?from=bodian',
    source: 'unm'
  }
}
[32m[INFO][0m Request Success: [eapi] /song/url/match?id=1901371647
[32m[INFO][0m Starting unblock(uses general unblock): 1901371647
INFO: (provider/match) Replaced: [1901371647] 孤勇者
    audioId: 1901371647
    songName: "孤勇者"
    url: "http://bd-er.kuwo.cn/470bd366eda21f2528c8180f5d6238c6/6ab5cf58/resource/1307392909/trackmedia/F000001hE0cD4NPYfX_1.flac?from=bodian"
[32m[INFO][0m [2026-09-25T01:33:13.511Z] unm match 1901371647 → source=bodian url=http://bd-er.kuwo.cn/470bd366eda21f2528c8180f5d6238c6/6ab5cf58/resource/13073929...
[32m[INFO][0m Unblock success! url: undefined
[32m[INFO][0m Request Success: [eapi] /lyric?id=1901371647
[32m[INFO][0m Request Success: [eapi] /lyric/new?id=1901371647
[32m[INFO][0m Request Success: [weapi] /song/detail?ids=1901371647
[32m[INFO][0m Request Success: [eapi] /search?keywords=孤勇者&limit=15
◇ injected env (0) from .env // tip: ⌘ enable debugging { debug: true }
[32m[INFO][0m Request Success: [xeapi] /song/url/v1?id=1901371647,3370515573,2737753469,2737753398&level=exhigh
[32m[INFO][0m Request Success: [eapi] /search?keywords=晴天+周杰伦&limit=15
◇ injected env (0) from .env // tip: ⌘ multiple files { path: ['.env.local', '.env'] }
[32m[INFO][0m Request Success: [xeapi] /song/url/v1?id=2064191772,2668397359,3440441479,3391116218&level=exhigh
[32m[INFO][0m Request Success: [eapi] /lyric?id=2064191772
[32m[INFO][0m Request Success: [eapi] /lyric/new?id=2064191772
[32m[INFO][0m Request Success: [weapi] /song/detail?ids=2064191772
[32m[INFO][0m Request Success: [eapi] /lyric?id=2668397359
[32m[INFO][0m Request Success: [eapi] /lyric/new?id=2668397359
[32m[INFO][0m Request Success: [weapi] /song/detail?ids=2668397359
[32m[INFO][0m Request Success: [eapi] /search?keywords=起风了&limit=15
◇ injected env (0) from .env // tip: ⌘ suppress logs { quiet: true }
[32m[INFO][0m Request Success: [xeapi] /song/url/v1?id=1330348068,2636494144,1475596788,1340175443&level=exhigh
[32m[INFO][0m Request Success: [eapi] /lyric?id=1330348068
[32m[INFO][0m Request Success: [eapi] /lyric/new?id=1330348068
[32m[INFO][0m Request Success: [weapi] /song/detail?ids=1330348068
[32m[INFO][0m Request Success: [eapi] /search?keywords=test&limit=1
[32m[INFO][0m Request Success: [eapi] /search?keywords=test&limit=1
◇ injected env (3) from .env // tip: ⌘ multiple files { path: ['.env.local', '.env'] }
◇ injected env (0) from .env // tip: ⌘ enable debugging { debug: true }
◇ injected env (3) from .env // tip: ⌘ suppress logs { quiet: true }
◇ injected env (0) from .env // tip: ⌘ override existing { override: true }
[multi_router] ✅ 多端路由已挂载 (直链走 bodian provider)

  ╔═╗╔═╗╦    ╔═╗╔╗╔╦ ╦╔═╗╔╗╔╔═╗╔═╗╔╦╗
  ╠═╣╠═╝║    ║╣ ║║║╠═╣╠═╣║║║║  ║╣  ║║
  ╩ ╩╩  ╩    ╚═╝╝╚╝╩ ╩╩ ╩╝╚╝╚═╝╚═╝═╩╝
    
[32m[INFO][0m Server started successfully @ http://127.0.0.1:3000
[32m[INFO][0m Request Success: [eapi] /search?keywords=test&limit=1
◇ injected env (3) from .env // tip: ⌘ enable debugging { debug: true }
◇ injected env (0) from .env // tip: ◈ secrets for agents [www.dotenvx.com]
[multi_router] ✅ 多端路由已挂载 (直链走 bodian provider)

  ╔═╗╔═╗╦    ╔═╗╔╗╔╦ ╦╔═╗╔╗╔╔═╗╔═╗╔╦╗
  ╠═╣╠═╝║    ║╣ ║║║╠═╣╠═╣║║║║  ║╣  ║║
  ╩ ╩╩  ╩    ╚═╝╝╚╝╩ ╩╩ ╩╝╚╝╚═╝╚═╝═╩╝
    
[32m[INFO][0m Server started successfully @ http://127.0.0.1:3000
[32m[INFO][0m Request Success: [eapi] /search?keywords=test&limit=1
[32m[INFO][0m Request Success: [eapi] /search?keywords=test&limit=1
[32m[INFO][0m Request Success: [eapi] /search?keywords=test&limit=1
[32m[INFO][0m Request Success: [eapi] /search?keywords=放肆爱&limit=15
[32m[INFO][0m [2026-09-25T09:34:21.310Z] 模块加载顺序: unm → bugpk → byfuns → ddyr → gdmusic → msls → oi → qijieya
◇ injected env (0) from .env // tip: ⌁ auth for agents [www.vestauth.com]
◇ injected env (0) from .env // tip: ⌘ enable debugging { debug: true }
[32m[INFO][0m Request Success: [xeapi] /song/url/v1?id=1450718554,2058219503,1482659209,1486095911&level=exhigh
[32m[INFO][0m Request Success: [eapi] /lyric?id=1450718554
[32m[INFO][0m Request Success: [eapi] /lyric/new?id=1450718554
[32m[INFO][0m Request Success: [weapi] /song/detail?ids=1450718554
[32m[INFO][0m Request Success: [eapi] /search?keywords=test&limit=1
[32m[INFO][0m Request Success: [eapi] /search?keywords=test&limit=1
[32m[INFO][0m Request Success: [eapi] /search?keywords=test&limit=1
[32m[INFO][0m Request Success: [eapi] /search?keywords=test&limit=1
[32m[INFO][0m Request Success: [eapi] /search?keywords=放肆爱&limit=15
◇ injected env (0) from .env // tip: ◈ secrets for agents [www.dotenvx.com]
[32m[INFO][0m Request Success: [xeapi] /song/url/v1?id=1450718554,2058219503,1496139205,1482659209&level=exhigh
[32m[INFO][0m Request Success: [eapi] /lyric?id=1450718554
[32m[INFO][0m Request Success: [eapi] /lyric/new?id=1450718554
[32m[INFO][0m Request Success: [weapi] /song/detail?ids=1450718554
[32m[INFO][0m Request Success: [eapi] /search?keywords=test&limit=1
[32m[INFO][0m Request Success: [eapi] /search?keywords=test&limit=1
[32m[INFO][0m Request Success: [eapi] /search?keywords=放肆爱&limit=15
◇ injected env (0) from .env // tip: ⌘ enable debugging { debug: true }
[32m[INFO][0m Request Success: [xeapi] /song/url/v1?id=1450718554,2058219503,1496139205,1482659209&level=exhigh
[32m[INFO][0m Request Success: [eapi] /lyric?id=1450718554
[32m[INFO][0m Request Success: [eapi] /lyric/new?id=1450718554
[32m[INFO][0m Request Success: [weapi] /song/detail?ids=1450718554
[32m[INFO][0m Request Success: [eapi] /search?keywords=test&limit=1
[32m[INFO][0m Request Success: [eapi] /search?keywords=test&limit=1
[32m[INFO][0m Request Success: [eapi] /search?keywords=test&limit=1
[32m[INFO][0m Request Success: [eapi] /search?keywords=test&limit=1
[32m[INFO][0m Request Success: [eapi] /search?keywords=放肆爱&limit=15
◇ injected env (0) from .env // tip: ⌁ auth for agents [www.vestauth.com]
[32m[INFO][0m Request Success: [xeapi] /song/url/v1?id=1450718554,1966412129,1482659209,2602689564&level=exhigh
[32m[INFO][0m Request Success: [eapi] /lyric?id=1450718554
[32m[INFO][0m Request Success: [eapi] /lyric/new?id=1450718554
[32m[INFO][0m Request Success: [weapi] /song/detail?ids=1450718554
[32m[INFO][0m Request Success: [eapi] /search?keywords=test&limit=1
[32m[INFO][0m Request Success: [eapi] /search?keywords=test&limit=1
[32m[INFO][0m Request Success: [eapi] /search?keywords=test&limit=1
[32m[INFO][0m Request Success: [eapi] /search?keywords=test&limit=1
[32m[INFO][0m Request Success: [eapi] /search?keywords=test&limit=1
[32m[INFO][0m Request Success: [eapi] /search?keywords=test&limit=1
[32m[INFO][0m Request Success: [eapi] /search?keywords=test&limit=1
[32m[INFO][0m Request Success: [eapi] /search?keywords=test&limit=1
[32m[INFO][0m Request Success: [eapi] /search?keywords=test&limit=1
[32m[INFO][0m Request Success: [eapi] /search?keywords=test&limit=1
[32m[INFO][0m Request Success: [eapi] /search?keywords=test&limit=1
[32m[INFO][0m Request Success: [eapi] /search?keywords=test&limit=1
[32m[INFO][0m Request Success: [eapi] /search?keywords=放肆爱&limit=15
◇ injected env (0) from .env // tip: ◈ encrypted .env [www.dotenvx.com]
[32m[INFO][0m Request Success: [xeapi] /song/url/v1?id=1450718554,1966412129,1482659209,2602689564&level=exhigh
[32m[INFO][0m Request Success: [eapi] /lyric?id=1450718554
[32m[INFO][0m Request Success: [eapi] /lyric/new?id=1450718554
[32m[INFO][0m Request Success: [weapi] /song/detail?ids=1450718554
[32m[INFO][0m Request Success: [eapi] /search?keywords=test&limit=1
[32m[INFO][0m Request Success: [eapi] /search?keywords=test&limit=1
[32m[INFO][0m Request Success: [eapi] /search?keywords=test&limit=1
[32m[INFO][0m Request Success: [eapi] /search?keywords=test&limit=1
[32m[INFO][0m Request Success: [eapi] /search?keywords=???&limit=15
◇ injected env (0) from .env // tip: ⌘ override existing { override: true }
[32m[INFO][0m Request Success: [xeapi] /song/url/v1?id=1411082219,1943355484,1392154672,1433787057&level=exhigh
[32m[INFO][0m Request Success: [eapi] /lyric?id=1411082219
[32m[INFO][0m Request Success: [eapi] /lyric/new?id=1411082219
[32m[INFO][0m Request Success: [weapi] /song/detail?ids=1411082219
[32m[INFO][0m Request Success: [eapi] /search?keywords=晴天+周杰伦&limit=15
◇ injected env (0) from .env // tip: ⌘ suppress logs { quiet: true }
[32m[INFO][0m Request Success: [xeapi] /song/url/v1?id=2668397359,2064191772,3440441479,3391116218&level=exhigh
[32m[INFO][0m Request Success: [eapi] /lyric?id=2668397359
[32m[INFO][0m Request Success: [eapi] /lyric/new?id=2668397359
[32m[INFO][0m Request Success: [weapi] /song/detail?ids=2668397359
[32m[INFO][0m Request Success: [eapi] /search?keywords=test&limit=1
[32m[INFO][0m Request Success: [eapi] /search?keywords=晴天+周杰伦&limit=15
◇ injected env (0) from .env // tip: ⌘ override existing { override: true }
[32m[INFO][0m Request Success: [xeapi] /song/url/v1?id=2668397359,2064191772,3440441479,3391116218&level=exhigh
[32m[INFO][0m Request Success: [eapi] /lyric?id=2668397359
[32m[INFO][0m Request Success: [eapi] /lyric/new?id=2668397359
[32m[INFO][0m Request Success: [weapi] /song/detail?ids=2668397359
[32m[INFO][0m Request Success: [eapi] /search?keywords=test&limit=1
[32m[INFO][0m Request Success: [eapi] /search?keywords=test&limit=1
[32m[INFO][0m Request Success: [eapi] /search?keywords=放肆爱&limit=15
◇ injected env (0) from .env // tip: ◈ secrets for agents [www.dotenvx.com]
[32m[INFO][0m Request Success: [xeapi] /song/url/v1?id=1450718554,2058219503,1496139205,1482659209&level=exhigh
[32m[INFO][0m Request Success: [eapi] /lyric?id=1450718554
[32m[INFO][0m Request Success: [eapi] /lyric/new?id=1450718554
[32m[INFO][0m Request Success: [weapi] /song/detail?ids=1450718554
[32m[INFO][0m Request Success: [eapi] /search?keywords=test&limit=1
[32m[INFO][0m Request Success: [eapi] /search?keywords=晴天+周杰伦&limit=15
◇ injected env (0) from .env // tip: ⌁ auth for agents [www.vestauth.com]
[32m[INFO][0m Request Success: [xeapi] /song/url/v1?id=2668397359,2064191772,3440441479,3391116218&level=exhigh
[32m[INFO][0m Request Success: [eapi] /lyric?id=2668397359
[32m[INFO][0m Request Success: [eapi] /lyric/new?id=2668397359
[32m[INFO][0m Request Success: [weapi] /song/detail?ids=2668397359
[32m[INFO][0m Request Success: [eapi] /search?keywords=test&limit=1
[32m[INFO][0m Request Success: [eapi] /search?keywords=放肆爱&limit=15
◇ injected env (0) from .env // tip: ⌘ custom filepath { path: '/custom/path/.env' }
[32m[INFO][0m Request Success: [xeapi] /song/url/v1?id=1450718554,2058219503,1496139205,1482659209&level=exhigh
[32m[INFO][0m Request Success: [eapi] /lyric?id=1450718554
[32m[INFO][0m Request Success: [eapi] /lyric/new?id=1450718554
[32m[INFO][0m Request Success: [weapi] /song/detail?ids=1450718554
[32m[INFO][0m Request Success: [eapi] /search?keywords=test&limit=1
[32m[INFO][0m Request Success: [eapi] /search?keywords=晴天+周杰伦&limit=15
◇ injected env (0) from .env // tip: ⌁ auth for agents [www.vestauth.com]
[32m[INFO][0m Request Success: [xeapi] /song/url/v1?id=2668397359,2064191772,3440441479,3391116218&level=exhigh
[32m[INFO][0m Request Success: [eapi] /lyric?id=2668397359
[32m[INFO][0m Request Success: [eapi] /lyric/new?id=2668397359
[32m[INFO][0m Request Success: [weapi] /song/detail?ids=2668397359
[32m[INFO][0m Request Success: [eapi] /search?keywords=test&limit=1
[32m[INFO][0m Request Success: [eapi] /search?keywords=晴天+周杰伦&limit=15
◇ injected env (0) from .env // tip: ◈ encrypted .env [www.dotenvx.com]
[32m[INFO][0m Request Success: [xeapi] /song/url/v1?id=2668397359,2064191772,3440441479,3391116218&level=exhigh
[32m[INFO][0m Request Success: [eapi] /lyric?id=2668397359
[32m[INFO][0m Request Success: [eapi] /lyric/new?id=2668397359
[32m[INFO][0m Request Success: [weapi] /song/detail?ids=2668397359
◇ injected env (3) from .env // tip: ⌘ override existing { override: true }
◇ injected env (0) from .env // tip: ⌘ enable debugging { debug: true }
[multi_router] ✅ 多端路由已挂载 (直链走 bodian provider)

  ╔═╗╔═╗╦    ╔═╗╔╗╔╦ ╦╔═╗╔╗╔╔═╗╔═╗╔╦╗
  ╠═╣╠═╝║    ║╣ ║║║╠═╣╠═╣║║║║  ║╣  ║║
  ╩ ╩╩  ╩    ╚═╝╝╚╝╩ ╩╩ ╩╝╚╝╚═╝╚═╝═╩╝
    
[32m[INFO][0m Server started successfully @ http://127.0.0.1:3000
[32m[INFO][0m Request Success: [eapi] /search?keywords=test&limit=1
[32m[INFO][0m Request Success: [eapi] /search?keywords=??+???&limit=15
[32m[INFO][0m [2026-09-25T14:47:44.842Z] 模块加载顺序: unm → bugpk → byfuns → ddyr → gdmusic → msls → oi → qijieya
◇ injected env (0) from .env // tip: ⌘ override existing { override: true }
◇ injected env (0) from .env // tip: ⌁ auth for agents [www.vestauth.com]
[32m[INFO][0m Request Success: [xeapi] /song/url/v1?id=2699622321,1388296138,3433770233,3433770234&level=exhigh
[32m[INFO][0m Request Success: [eapi] /lyric?id=2699622321
[32m[INFO][0m Request Success: [eapi] /lyric/new?id=2699622321
[32m[INFO][0m Request Success: [weapi] /song/detail?ids=2699622321
◇ injected env (3) from .env // tip: ◈ encrypted .env [www.dotenvx.com]
◇ injected env (0) from .env // tip: ⌁ auth for agents [www.vestauth.com]
[multi_router] ✅ 多端路由已挂载 (直链走 bodian provider)

  ╔═╗╔═╗╦    ╔═╗╔╗╔╦ ╦╔═╗╔╗╔╔═╗╔═╗╔╦╗
  ╠═╣╠═╝║    ║╣ ║║║╠═╣╠═╣║║║║  ║╣  ║║
  ╩ ╩╩  ╩    ╚═╝╝╚╝╩ ╩╩ ╩╝╚╝╚═╝╚═╝═╩╝
    
[32m[INFO][0m Server started successfully @ http://127.0.0.1:3000
[32m[INFO][0m Request Success: [eapi] /search?keywords=test&limit=1
◇ injected env (3) from .env // tip: ⌘ custom filepath { path: '/custom/path/.env' }
◇ injected env (0) from .env // tip: ⌁ auth for agents [www.vestauth.com]
[multi_router] ✅ 多端路由已挂载 (直链走 bodian provider)

  ╔═╗╔═╗╦    ╔═╗╔╗╔╦ ╦╔═╗╔╗╔╔═╗╔═╗╔╦╗
  ╠═╣╠═╝║    ║╣ ║║║╠═╣╠═╣║║║║  ║╣  ║║
  ╩ ╩╩  ╩    ╚═╝╝╚╝╩ ╩╩ ╩╝╚╝╚═╝╚═╝═╩╝
    
[32m[INFO][0m Server started successfully @ http://127.0.0.1:3000
[32m[INFO][0m Request Success: [eapi] /search?keywords=test&limit=1
◇ injected env (3) from .env // tip: ◈ secrets for agents [www.dotenvx.com]
◇ injected env (0) from .env // tip: ◈ secrets for agents [www.dotenvx.com]
[multi_router] ✅ 多端路由已挂载 (直链走 bodian provider)

  ╔═╗╔═╗╦    ╔═╗╔╗╔╦ ╦╔═╗╔╗╔╔═╗╔═╗╔╦╗
  ╠═╣╠═╝║    ║╣ ║║║╠═╣╠═╣║║║║  ║╣  ║║
  ╩ ╩╩  ╩    ╚═╝╝╚╝╩ ╩╩ ╩╝╚╝╚═╝╚═╝═╩╝
    
[32m[INFO][0m Server started successfully @ http://127.0.0.1:3000
[32m[INFO][0m Request Success: [eapi] /search?keywords=test&limit=1
[32m[INFO][0m Request Success: [eapi] /search?keywords=放肆爱&limit=15
[32m[INFO][0m [2026-09-25T15:03:58.887Z] 模块加载顺序: unm → bugpk → byfuns → ddyr → gdmusic → msls → oi → qijieya
◇ injected env (0) from .env // tip: ⌘ override existing { override: true }
◇ injected env (0) from .env // tip: ◈ encrypted .env [www.dotenvx.com]
[32m[INFO][0m Request Success: [xeapi] /song/url/v1?id=1450718554,3409321745,2058219503,1496139205&level=exhigh
[32m[INFO][0m Request Success: [eapi] /lyric?id=1450718554
[32m[INFO][0m Request Success: [eapi] /lyric/new?id=1450718554
[32m[INFO][0m Request Success: [weapi] /song/detail?ids=1450718554
◇ injected env (3) from .env // tip: ⌘ multiple files { path: ['.env.local', '.env'] }
◇ injected env (0) from .env // tip: ⌘ suppress logs { quiet: true }
[multi_router] ✅ 多端路由已挂载 (直链走 bodian provider)

  ╔═╗╔═╗╦    ╔═╗╔╗╔╦ ╦╔═╗╔╗╔╔═╗╔═╗╔╦╗
  ╠═╣╠═╝║    ║╣ ║║║╠═╣╠═╣║║║║  ║╣  ║║
  ╩ ╩╩  ╩    ╚═╝╝╚╝╩ ╩╩ ╩╝╚╝╚═╝╚═╝═╩╝
    
[32m[INFO][0m Server started successfully @ http://127.0.0.1:3000
[32m[INFO][0m Request Success: [eapi] /search?keywords=test&limit=1
◇ injected env (3) from .env // tip: ⌘ custom filepath { path: '/custom/path/.env' }
◇ injected env (0) from .env // tip: ⌘ suppress logs { quiet: true }
[multi_router] ✅ 多端路由已挂载 (直链走 bodian provider)

  ╔═╗╔═╗╦    ╔═╗╔╗╔╦ ╦╔═╗╔╗╔╔═╗╔═╗╔╦╗
  ╠═╣╠═╝║    ║╣ ║║║╠═╣╠═╣║║║║  ║╣  ║║
  ╩ ╩╩  ╩    ╚═╝╝╚╝╩ ╩╩ ╩╝╚╝╚═╝╚═╝═╩╝
    
[32m[INFO][0m Server started successfully @ http://127.0.0.1:3000
[32m[INFO][0m Request Success: [eapi] /search?keywords=test&limit=1
[32m[INFO][0m Request Success: [eapi] /search?keywords=test&limit=1
◇ injected env (3) from .env // tip: ⌁ auth for agents [www.vestauth.com]
◇ injected env (0) from .env // tip: ⌘ custom filepath { path: '/custom/path/.env' }
[multi_router] ✅ 多端路由已挂载 (直链走 bodian provider)

  ╔═╗╔═╗╦    ╔═╗╔╗╔╦ ╦╔═╗╔╗╔╔═╗╔═╗╔╦╗
  ╠═╣╠═╝║    ║╣ ║║║╠═╣╠═╣║║║║  ║╣  ║║
  ╩ ╩╩  ╩    ╚═╝╝╚╝╩ ╩╩ ╩╝╚╝╚═╝╚═╝═╩╝
    
[32m[INFO][0m Server started successfully @ http://127.0.0.1:3000
[32m[INFO][0m Request Success: [eapi] /search?keywords=test&limit=1
◇ injected env (3) from .env // tip: ⌘ suppress logs { quiet: true }
◇ injected env (0) from .env // tip: ⌘ override existing { override: true }
[multi_router] ✅ 多端路由已挂载 (直链走 bodian provider)

  ╔═╗╔═╗╦    ╔═╗╔╗╔╦ ╦╔═╗╔╗╔╔═╗╔═╗╔╦╗
  ╠═╣╠═╝║    ║╣ ║║║╠═╣╠═╣║║║║  ║╣  ║║
  ╩ ╩╩  ╩    ╚═╝╝╚╝╩ ╩╩ ╩╝╚╝╚═╝╚═╝═╩╝
    
[32m[INFO][0m Server started successfully @ http://127.0.0.1:3000
[32m[INFO][0m Request Success: [eapi] /search?keywords=test&limit=1
◇ injected env (3) from .env // tip: ◈ secrets for agents [www.dotenvx.com]
◇ injected env (0) from .env // tip: ◈ encrypted .env [www.dotenvx.com]
[multi_router] ✅ 多端路由已挂载 (直链走 bodian provider)

  ╔═╗╔═╗╦    ╔═╗╔╗╔╦ ╦╔═╗╔╗╔╔═╗╔═╗╔╦╗
  ╠═╣╠═╝║    ║╣ ║║║╠═╣╠═╣║║║║  ║╣  ║║
  ╩ ╩╩  ╩    ╚═╝╝╚╝╩ ╩╩ ╩╝╚╝╚═╝╚═╝═╩╝
    
[32m[INFO][0m Server started successfully @ http://127.0.0.1:3000
[32m[INFO][0m Request Success: [eapi] /search?keywords=test&limit=1
◇ injected env (3) from .env // tip: ⌘ enable debugging { debug: true }
◇ injected env (0) from .env // tip: ⌘ custom filepath { path: '/custom/path/.env' }
[multi_router] ✅ 多端路由已挂载 (直链走 bodian provider)

  ╔═╗╔═╗╦    ╔═╗╔╗╔╦ ╦╔═╗╔╗╔╔═╗╔═╗╔╦╗
  ╠═╣╠═╝║    ║╣ ║║║╠═╣╠═╣║║║║  ║╣  ║║
  ╩ ╩╩  ╩    ╚═╝╝╚╝╩ ╩╩ ╩╝╚╝╚═╝╚═╝═╩╝
    
[32m[INFO][0m Server started successfully @ http://127.0.0.1:3000
[32m[INFO][0m Request Success: [eapi] /search?keywords=test&limit=1
◇ injected env (3) from .env // tip: ⌘ suppress logs { quiet: true }
◇ injected env (0) from .env // tip: ◈ secrets for agents [www.dotenvx.com]
[multi_router] ✅ 多端路由已挂载 (直链走 bodian provider)

  ╔═╗╔═╗╦    ╔═╗╔╗╔╦ ╦╔═╗╔╗╔╔═╗╔═╗╔╦╗
  ╠═╣╠═╝║    ║╣ ║║║╠═╣╠═╣║║║║  ║╣  ║║
  ╩ ╩╩  ╩    ╚═╝╝╚╝╩ ╩╩ ╩╝╚╝╚═╝╚═╝═╩╝
    
[32m[INFO][0m Server started successfully @ http://127.0.0.1:3000
[32m[INFO][0m Request Success: [eapi] /search?keywords=test&limit=1
◇ injected env (3) from .env // tip: ⌘ suppress logs { quiet: true }
◇ injected env (0) from .env // tip: ⌘ multiple files { path: ['.env.local', '.env'] }
[multi_router] ✅ 多端路由已挂载 (直链走 bodian provider)

  ╔═╗╔═╗╦    ╔═╗╔╗╔╦ ╦╔═╗╔╗╔╔═╗╔═╗╔╦╗
  ╠═╣╠═╝║    ║╣ ║║║╠═╣╠═╣║║║║  ║╣  ║║
  ╩ ╩╩  ╩    ╚═╝╝╚╝╩ ╩╩ ╩╝╚╝╚═╝╚═╝═╩╝
    
[32m[INFO][0m Server started successfully @ http://127.0.0.1:3000
[32m[INFO][0m Request Success: [eapi] /search?keywords=test&limit=1
◇ injected env (3) from .env // tip: ◈ encrypted .env [www.dotenvx.com]
◇ injected env (0) from .env // tip: ⌘ multiple files { path: ['.env.local', '.env'] }
[multi_router] ✅ 多端路由已挂载 (直链走 bodian provider)

  ╔═╗╔═╗╦    ╔═╗╔╗╔╦ ╦╔═╗╔╗╔╔═╗╔═╗╔╦╗
  ╠═╣╠═╝║    ║╣ ║║║╠═╣╠═╣║║║║  ║╣  ║║
  ╩ ╩╩  ╩    ╚═╝╝╚╝╩ ╩╩ ╩╝╚╝╚═╝╚═╝═╩╝
    
[32m[INFO][0m Server started successfully @ http://127.0.0.1:3000
[32m[INFO][0m Request Success: [eapi] /search?keywords=test&limit=1
◇ injected env (3) from .env // tip: ◈ encrypted .env [www.dotenvx.com]
◇ injected env (0) from .env // tip: ◈ secrets for agents [www.dotenvx.com]
[multi_router] ✅ 多端路由已挂载 (直链走 bodian provider)

  ╔═╗╔═╗╦    ╔═╗╔╗╔╦ ╦╔═╗╔╗╔╔═╗╔═╗╔╦╗
  ╠═╣╠═╝║    ║╣ ║║║╠═╣╠═╣║║║║  ║╣  ║║
  ╩ ╩╩  ╩    ╚═╝╝╚╝╩ ╩╩ ╩╝╚╝╚═╝╚═╝═╩╝
    
[32m[INFO][0m Server started successfully @ http://127.0.0.1:3000
[32m[INFO][0m Request Success: [eapi] /search?keywords=test&limit=1
◇ injected env (3) from .env // tip: ⌘ multiple files { path: ['.env.local', '.env'] }
◇ injected env (0) from .env // tip: ⌘ enable debugging { debug: true }
[multi_router] ✅ 多端路由已挂载 (直链走 bodian provider)

  ╔═╗╔═╗╦    ╔═╗╔╗╔╦ ╦╔═╗╔╗╔╔═╗╔═╗╔╦╗
  ╠═╣╠═╝║    ║╣ ║║║╠═╣╠═╣║║║║  ║╣  ║║
  ╩ ╩╩  ╩    ╚═╝╝╚╝╩ ╩╩ ╩╝╚╝╚═╝╚═╝═╩╝
    
[32m[INFO][0m Server started successfully @ http://127.0.0.1:3000
[32m[INFO][0m Request Success: [eapi] /search?keywords=test&limit=1
◇ injected env (3) from .env // tip: ⌘ override existing { override: true }
◇ injected env (0) from .env // tip: ⌘ custom filepath { path: '/custom/path/.env' }
[multi_router] ✅ 多端路由已挂载 (直链走 bodian provider)

  ╔═╗╔═╗╦    ╔═╗╔╗╔╦ ╦╔═╗╔╗╔╔═╗╔═╗╔╦╗
  ╠═╣╠═╝║    ║╣ ║║║╠═╣╠═╣║║║║  ║╣  ║║
  ╩ ╩╩  ╩    ╚═╝╝╚╝╩ ╩╩ ╩╝╚╝╚═╝╚═╝═╩╝
    
[32m[INFO][0m Server started successfully @ http://127.0.0.1:3000
[32m[INFO][0m Request Success: [eapi] /search?keywords=test&limit=1
◇ injected env (3) from .env // tip: ⌘ custom filepath { path: '/custom/path/.env' }
◇ injected env (0) from .env // tip: ⌘ suppress logs { quiet: true }
[multi_router] ✅ 多端路由已挂载 (直链走 bodian provider)

  ╔═╗╔═╗╦    ╔═╗╔╗╔╦ ╦╔═╗╔╗╔╔═╗╔═╗╔╦╗
  ╠═╣╠═╝║    ║╣ ║║║╠═╣╠═╣║║║║  ║╣  ║║
  ╩ ╩╩  ╩    ╚═╝╝╚╝╩ ╩╩ ╩╝╚╝╚═╝╚═╝═╩╝
    
[32m[INFO][0m Server started successfully @ http://127.0.0.1:3000
[32m[INFO][0m Request Success: [eapi] /search?keywords=test&limit=1
◇ injected env (3) from .env // tip: ⌘ custom filepath { path: '/custom/path/.env' }
◇ injected env (0) from .env // tip: ◈ encrypted .env [www.dotenvx.com]
[multi_router] ✅ 多端路由已挂载 (直链走 bodian provider)

  ╔═╗╔═╗╦    ╔═╗╔╗╔╦ ╦╔═╗╔╗╔╔═╗╔═╗╔╦╗
  ╠═╣╠═╝║    ║╣ ║║║╠═╣╠═╣║║║║  ║╣  ║║
  ╩ ╩╩  ╩    ╚═╝╝╚╝╩ ╩╩ ╩╝╚╝╚═╝╚═╝═╩╝
    
[32m[INFO][0m Server started successfully @ http://127.0.0.1:3000
[32m[INFO][0m Request Success: [eapi] /search?keywords=test&limit=1
◇ injected env (3) from .env // tip: ⌘ multiple files { path: ['.env.local', '.env'] }
◇ injected env (0) from .env // tip: ⌘ enable debugging { debug: true }
[multi_router] ✅ 多端路由已挂载 (直链走 bodian provider)

  ╔═╗╔═╗╦    ╔═╗╔╗╔╦ ╦╔═╗╔╗╔╔═╗╔═╗╔╦╗
  ╠═╣╠═╝║    ║╣ ║║║╠═╣╠═╣║║║║  ║╣  ║║
  ╩ ╩╩  ╩    ╚═╝╝╚╝╩ ╩╩ ╩╝╚╝╚═╝╚═╝═╩╝
    
[32m[INFO][0m Server started successfully @ http://127.0.0.1:3000
[32m[INFO][0m Request Success: [eapi] /search?keywords=test&limit=1
◇ injected env (3) from .env // tip: ⌘ suppress logs { quiet: true }
◇ injected env (0) from .env // tip: ⌘ suppress logs { quiet: true }
[multi_router] ✅ 多端路由已挂载 (直链走 bodian provider)

  ╔═╗╔═╗╦    ╔═╗╔╗╔╦ ╦╔═╗╔╗╔╔═╗╔═╗╔╦╗
  ╠═╣╠═╝║    ║╣ ║║║╠═╣╠═╣║║║║  ║╣  ║║
  ╩ ╩╩  ╩    ╚═╝╝╚╝╩ ╩╩ ╩╝╚╝╚═╝╚═╝═╩╝
    
[32m[INFO][0m Server started successfully @ http://127.0.0.1:3000
[32m[INFO][0m Request Success: [eapi] /search?keywords=test&limit=1
[32m[INFO][0m Request Success: [eapi] /search?keywords=test&limit=1
[32m[INFO][0m Request Success: [eapi] /search?keywords=test&limit=1
[32m[INFO][0m Request Success: [eapi] /search?keywords=test&limit=1
[32m[INFO][0m Request Success: [eapi] /search?keywords=放肆爱&limit=15
[32m[INFO][0m [2026-09-26T23:25:21.439Z] 模块加载顺序: unm → bugpk → byfuns → ddyr → gdmusic → msls → oi → qijieya
◇ injected env (0) from .env // tip: ◈ encrypted .env [www.dotenvx.com]
◇ injected env (0) from .env // tip: ⌘ override existing { override: true }
[32m[INFO][0m Request Success: [xeapi] /song/url/v1?id=1450718554,1496139205,2058219503,1482659209&level=exhigh
[32m[INFO][0m Request Success: [eapi] /lyric?id=1450718554
[32m[INFO][0m Request Success: [eapi] /lyric/new?id=1450718554
[32m[INFO][0m Request Success: [weapi] /song/detail?ids=1450718554
[32m[INFO][0m Request Success: [eapi] /search?keywords=test&limit=1
[32m[INFO][0m Request Success: [eapi] /search?keywords=test&limit=1
[32m[INFO][0m Request Success: [eapi] /search?keywords=test&limit=1
[32m[INFO][0m Request Success: [eapi] /search?keywords=test&limit=1
[32m[INFO][0m Request Success: [eapi] /search?keywords=test&limit=1
[32m[INFO][0m Request Success: [eapi] /search?keywords=test&limit=1
[32m[INFO][0m Request Success: [eapi] /search?keywords=test&limit=1
[32m[INFO][0m Request Success: [eapi] /search?keywords=test&limit=1
[32m[INFO][0m Request Success: [eapi] /search?keywords=test&limit=1
[32m[INFO][0m Request Success: [eapi] /search?keywords=test&limit=1
[32m[INFO][0m Request Success: [eapi] /search?keywords=test&limit=1
[32m[INFO][0m Request Success: [eapi] /search?keywords=test&limit=1
[32m[INFO][0m Request Success: [eapi] /search?keywords=test&limit=1
[32m[INFO][0m Request Success: [eapi] /search?keywords=test&limit=1
[32m[INFO][0m Request Success: [eapi] /search?keywords=test&limit=1
[32m[INFO][0m Request Success: [eapi] /search?keywords=test&limit=1
[32m[INFO][0m Request Success: [eapi] /search?keywords=test&limit=1
[32m[INFO][0m Request Success: [eapi] /search?keywords=我们就走到这把&limit=15
◇ injected env (0) from .env // tip: ◈ secrets for agents [www.dotenvx.com]
[32m[INFO][0m Request Success: [xeapi] /song/url/v1?id=3420763573,3417319502,2733066654,3416817201&level=exhigh
[32m[INFO][0m Request Success: [eapi] /lyric?id=3420763573
[32m[INFO][0m Request Success: [eapi] /lyric/new?id=3420763573
[32m[INFO][0m Request Success: [weapi] /song/detail?ids=3420763573
[32m[INFO][0m Request Success: [eapi] /search?keywords=我们就走到这本&limit=15
◇ injected env (0) from .env // tip: ⌘ suppress logs { quiet: true }
[32m[INFO][0m Request Success: [xeapi] /song/url/v1?id=3410238912,3341874890,2028871088,3327624189&level=exhigh
[32m[INFO][0m Request Success: [eapi] /lyric?id=3410238912
[32m[INFO][0m Request Success: [eapi] /lyric/new?id=3410238912
[32m[INFO][0m Request Success: [weapi] /song/detail?ids=3410238912
[32m[INFO][0m Request Success: [eapi] /search?keywords=test&limit=1
[32m[INFO][0m Request Success: [eapi] /search?keywords=test&limit=1
[32m[INFO][0m Request Success: [eapi] /search?keywords=test&limit=1
[32m[INFO][0m Request Success: [eapi] /search?keywords=test&limit=1
[32m[INFO][0m Request Success: [eapi] /search?keywords=test&limit=1
[32m[INFO][0m Request Success: [eapi] /search?keywords=我不曾忘记&limit=15
◇ injected env (0) from .env // tip: ◈ secrets for agents [www.dotenvx.com]
[32m[INFO][0m Request Success: [xeapi] /song/url/v1?id=2014336709,2096412512,2140276294,2018908569&level=exhigh
[32m[INFO][0m Request Success: [eapi] /lyric?id=2014336709
[32m[INFO][0m Request Success: [eapi] /lyric/new?id=2014336709
[32m[INFO][0m Request Success: [weapi] /song/detail?ids=2014336709
[32m[INFO][0m Request Success: [eapi] /search?keywords=test&limit=1
[32m[INFO][0m Request Success: [eapi] /search?keywords=test&limit=1
[32m[INFO][0m Request Success: [eapi] /search?keywords=我们就走到这吧&limit=15
◇ injected env (0) from .env // tip: ⌘ suppress logs { quiet: true }
[32m[INFO][0m Request Success: [xeapi] /song/url/v1?id=3420763573,3417319502,3422973021,3438391373&level=exhigh
[32m[INFO][0m Request Success: [eapi] /lyric?id=3420763573
[32m[INFO][0m Request Success: [eapi] /lyric/new?id=3420763573
[32m[INFO][0m Request Success: [weapi] /song/detail?ids=3420763573
[32m[INFO][0m Request Success: [eapi] /search?keywords=test&limit=1
[32m[INFO][0m Request Success: [eapi] /search?keywords=test&limit=1
[32m[INFO][0m Request Success: [eapi] /search?keywords=test&limit=1
[32m[INFO][0m Request Success: [eapi] /search?keywords=我不曾忘记&limit=15
◇ injected env (0) from .env // tip: ⌘ enable debugging { debug: true }
[32m[INFO][0m Request Success: [xeapi] /song/url/v1?id=2014336709,2096412512,2140276294,2018908569&level=exhigh
[32m[INFO][0m Request Success: [eapi] /lyric?id=2014336709
[32m[INFO][0m Request Success: [eapi] /lyric/new?id=2014336709
[32m[INFO][0m Request Success: [weapi] /song/detail?ids=2014336709
[32m[INFO][0m Request Success: [eapi] /search?keywords=test&limit=1
[32m[INFO][0m Request Success: [eapi] /search?keywords=我不曾忘记&limit=15
◇ injected env (0) from .env // tip: ◈ secrets for agents [www.dotenvx.com]
[32m[INFO][0m Request Success: [xeapi] /song/url/v1?id=2014336709,2096412512,2140276294,2018908569&level=exhigh
[32m[INFO][0m Request Success: [eapi] /lyric?id=2014336709
[32m[INFO][0m Request Success: [eapi] /lyric/new?id=2014336709
[32m[INFO][0m Request Success: [weapi] /song/detail?ids=2014336709
[32m[INFO][0m Request Success: [eapi] /search?keywords=test&limit=1
[32m[INFO][0m Request Success: [eapi] /search?keywords=test&limit=1
[32m[INFO][0m Request Success: [eapi] /search?keywords=test&limit=1
[32m[INFO][0m Request Success: [eapi] /search?keywords=我不曾忘记&limit=15
◇ injected env (0) from .env // tip: ⌘ suppress logs { quiet: true }
[32m[INFO][0m Request Success: [xeapi] /song/url/v1?id=2014336709,2096412512,2140276294,2018908569&level=exhigh
[32m[INFO][0m Request Success: [eapi] /lyric?id=2014336709
[32m[INFO][0m Request Success: [eapi] /lyric/new?id=2014336709
[32m[INFO][0m Request Success: [weapi] /song/detail?ids=2014336709
[32m[INFO][0m Request Success: [eapi] /search?keywords=test&limit=1
[32m[INFO][0m Request Success: [eapi] /search?keywords=test&limit=1
[32m[INFO][0m Request Success: [eapi] /search?keywords=我不曾忘记&limit=15
◇ injected env (0) from .env // tip: ◈ encrypted .env [www.dotenvx.com]
[32m[INFO][0m Request Success: [xeapi] /song/url/v1?id=2014336709,2096412512,2140276294,2018908569&level=exhigh
[32m[INFO][0m Request Success: [eapi] /lyric?id=2014336709
[32m[INFO][0m Request Success: [eapi] /lyric/new?id=2014336709
[32m[INFO][0m Request Success: [weapi] /song/detail?ids=2014336709
[32m[INFO][0m Request Success: [eapi] /search?keywords=test&limit=1
[32m[INFO][0m Request Success: [eapi] /search?keywords=test&limit=1
[32m[INFO][0m Request Success: [eapi] /search?keywords=test&limit=1
[32m[INFO][0m Request Success: [eapi] /search?keywords=参翅燕尾蝶&limit=15
◇ injected env (0) from .env // tip: ⌘ enable debugging { debug: true }
[32m[INFO][0m Request Success: [xeapi] /song/url/v1?id=94671,254270,377466,94427&level=exhigh
[32m[INFO][0m Request Success: [eapi] /lyric?id=94671
[32m[INFO][0m Request Success: [eapi] /lyric/new?id=94671
[32m[INFO][0m Request Success: [weapi] /song/detail?ids=94671
[32m[INFO][0m Request Success: [eapi] /search?keywords=断翅燕尾蝶&limit=15
◇ injected env (0) from .env // tip: ◈ secrets for agents [www.dotenvx.com]
[32m[INFO][0m Request Success: [xeapi] /song/url/v1?id=2712926591,2699921729,3424301874&level=exhigh
[32m[INFO][0m Request Success: [eapi] /lyric?id=2712926591
[32m[INFO][0m Request Success: [eapi] /lyric/new?id=2712926591
[32m[INFO][0m Request Success: [weapi] /song/detail?ids=2712926591
[32m[INFO][0m Request Success: [eapi] /search?keywords=test&limit=1
[32m[INFO][0m Request Success: [eapi] /search?keywords=断翅燕尾蝶+6sp&limit=15
◇ injected env (0) from .env // tip: ⌘ enable debugging { debug: true }
[32m[INFO][0m Request Success: [xeapi] /song/url/v1?id=2699921729,3424301874,94671,377466&level=exhigh
INFO: (provider/match) Replaced: [2699921729] 断翅燕尾蝶
    audioId: 2699921729
    songName: "断翅燕尾蝶"
    url: "http://bd-er.kuwo.cn/d11413e0e63bcc159c066651118cd3f7/6ab8bbfd/resource/30106/trackmedia/F000004Cdqqv2AUbGn.flac?from=bodian"
[32m[INFO][0m [2026-09-27T06:47:26.634Z] unm match 2699921729 → source=bodian url=http://bd-er.kuwo.cn/d11413e0e63bcc159c066651118cd3f7/6ab8bbfd/resource/30106/tr...
[32m[INFO][0m 开始解灰 2699921729 {
  code: 200,
  message: 'success',
  data: {
    url: 'http://bd-er.kuwo.cn/d11413e0e63bcc159c066651118cd3f7/6ab8bbfd/resource/30106/trackmedia/F000004Cdqqv2AUbGn.flac?from=bodian',
    source: 'unm'
  }
}
[32m[INFO][0m Request Success: [eapi] /song/url/match?id=2699921729
[32m[INFO][0m Starting unblock(uses general unblock): 2699921729
INFO: (provider/match) Replaced: [2699921729] 断翅燕尾蝶
    audioId: 2699921729
    songName: "断翅燕尾蝶"
    url: "http://bd-er.kuwo.cn/d11413e0e63bcc159c066651118cd3f7/6ab8bbfd/resource/30106/trackmedia/F000004Cdqqv2AUbGn.flac?from=bodian"
[32m[INFO][0m [2026-09-27T06:47:26.857Z] unm match 2699921729 → source=bodian url=http://bd-er.kuwo.cn/d11413e0e63bcc159c066651118cd3f7/6ab8bbfd/resource/30106/tr...
[32m[INFO][0m Unblock success! url: undefined
[32m[INFO][0m Request Success: [eapi] /lyric?id=2699921729
[32m[INFO][0m Request Success: [eapi] /lyric/new?id=2699921729
[32m[INFO][0m Request Success: [weapi] /song/detail?ids=2699921729
[32m[INFO][0m Request Success: [eapi] /search?keywords=test&limit=1
[32m[INFO][0m Request Success: [eapi] /search?keywords=test&limit=1
[32m[INFO][0m Request Success: [eapi] /search?keywords=断翅燕尾蝶&limit=15
◇ injected env (0) from .env // tip: ⌘ override existing { override: true }
[32m[INFO][0m Request Success: [xeapi] /song/url/v1?id=2712926591,2699921729,3424301874&level=exhigh
[32m[INFO][0m Request Success: [eapi] /lyric?id=2712926591
[32m[INFO][0m Request Success: [eapi] /lyric/new?id=2712926591
[32m[INFO][0m Request Success: [weapi] /song/detail?ids=2712926591
[32m[INFO][0m Request Success: [eapi] /search?keywords=断翅燕尾蝶+6sp&limit=15
◇ injected env (0) from .env // tip: ⌘ multiple files { path: ['.env.local', '.env'] }
[32m[INFO][0m Request Success: [xeapi] /song/url/v1?id=2699921729,3424301874,94671,377466&level=exhigh
INFO: (provider/match) Replaced: [2699921729] 断翅燕尾蝶
    audioId: 2699921729
    songName: "断翅燕尾蝶"
    url: "http://bd-er.kuwo.cn/0430a4e91fbb81ce2c4d80303f911653/6ab8c2ff/resource/30106/trackmedia/F000004Cdqqv2AUbGn.flac?from=bodian"
[32m[INFO][0m [2026-09-27T07:17:21.171Z] unm match 2699921729 → source=bodian url=http://bd-er.kuwo.cn/0430a4e91fbb81ce2c4d80303f911653/6ab8c2ff/resource/30106/tr...
[32m[INFO][0m 开始解灰 2699921729 {
  code: 200,
  message: 'success',
  data: {
    url: 'http://bd-er.kuwo.cn/0430a4e91fbb81ce2c4d80303f911653/6ab8c2ff/resource/30106/trackmedia/F000004Cdqqv2AUbGn.flac?from=bodian',
    source: 'unm'
  }
}
[32m[INFO][0m Request Success: [eapi] /song/url/match?id=2699921729
[32m[INFO][0m Starting unblock(uses general unblock): 2699921729
INFO: (provider/match) Replaced: [2699921729] 断翅燕尾蝶
    audioId: 2699921729
    songName: "断翅燕尾蝶"
    url: "http://bd-er.kuwo.cn/0430a4e91fbb81ce2c4d80303f911653/6ab8c2ff/resource/30106/trackmedia/F000004Cdqqv2AUbGn.flac?from=bodian"
[32m[INFO][0m [2026-09-27T07:17:21.376Z] unm match 2699921729 → source=bodian url=http://bd-er.kuwo.cn/0430a4e91fbb81ce2c4d80303f911653/6ab8c2ff/resource/30106/tr...
[32m[INFO][0m Unblock success! url: undefined
[32m[INFO][0m Request Success: [eapi] /lyric?id=2699921729
[32m[INFO][0m Request Success: [eapi] /lyric/new?id=2699921729
[32m[INFO][0m Request Success: [weapi] /song/detail?ids=2699921729
[32m[INFO][0m Request Success: [eapi] /search?keywords=test&limit=1
[32m[INFO][0m Request Success: [eapi] /search?keywords=test&limit=1
[32m[INFO][0m Request Success: [eapi] /search?keywords=断翅燕尾蝶+6sp&limit=15
◇ injected env (0) from .env // tip: ⌁ auth for agents [www.vestauth.com]
[32m[INFO][0m Request Success: [xeapi] /song/url/v1?id=2699921729,3424301874,94671,377466&level=exhigh
INFO: (provider/match) Replaced: [2699921729] 断翅燕尾蝶
    audioId: 2699921729
    songName: "断翅燕尾蝶"
    url: "http://bd-er.kuwo.cn/702e57d594b67e1c81bdcabbde92fd60/6ab8c590/resource/30106/trackmedia/F000004Cdqqv2AUbGn.flac?from=bodian"
[32m[INFO][0m [2026-09-27T07:28:18.494Z] unm match 2699921729 → source=bodian url=http://bd-er.kuwo.cn/702e57d594b67e1c81bdcabbde92fd60/6ab8c590/resource/30106/tr...
[32m[INFO][0m 开始解灰 2699921729 {
  code: 200,
  message: 'success',
  data: {
    url: 'http://bd-er.kuwo.cn/702e57d594b67e1c81bdcabbde92fd60/6ab8c590/resource/30106/trackmedia/F000004Cdqqv2AUbGn.flac?from=bodian',
    source: 'unm'
  }
}
[32m[INFO][0m Request Success: [eapi] /song/url/match?id=2699921729
[32m[INFO][0m Starting unblock(uses general unblock): 2699921729
INFO: (provider/match) Replaced: [2699921729] 断翅燕尾蝶
    audioId: 2699921729
    songName: "断翅燕尾蝶"
    url: "http://bd-er.kuwo.cn/7ef9ee22eb0215e53af1ec941c61bfb4/6ab8c591/resource/30106/trackmedia/F000004Cdqqv2AUbGn.flac?from=bodian"
[32m[INFO][0m [2026-09-27T07:28:18.676Z] unm match 2699921729 → source=bodian url=http://bd-er.kuwo.cn/7ef9ee22eb0215e53af1ec941c61bfb4/6ab8c591/resource/30106/tr...
[32m[INFO][0m Unblock success! url: undefined
[32m[INFO][0m Request Success: [eapi] /lyric?id=2699921729
[32m[INFO][0m Request Success: [eapi] /lyric/new?id=2699921729
[32m[INFO][0m Request Success: [weapi] /song/detail?ids=2699921729
[32m[INFO][0m Request Success: [eapi] /search?keywords=test&limit=1
[32m[INFO][0m Request Success: [eapi] /search?keywords=断翅燕尾蝶+6sp&limit=15
◇ injected env (0) from .env // tip: ⌘ override existing { override: true }
[32m[INFO][0m Request Success: [xeapi] /song/url/v1?id=2699921729,3424301874,94671,377466&level=exhigh
INFO: (provider/match) Replaced: [2699921729] 断翅燕尾蝶
    audioId: 2699921729
    songName: "断翅燕尾蝶"
    url: "http://bd-er.kuwo.cn/12002b1a0a5e8fe1b05995e08f661f41/6ab8c878/resource/30106/trackmedia/F000004Cdqqv2AUbGn.flac?from=bodian"
[32m[INFO][0m [2026-09-27T07:40:42.413Z] unm match 2699921729 → source=bodian url=http://bd-er.kuwo.cn/12002b1a0a5e8fe1b05995e08f661f41/6ab8c878/resource/30106/tr...
[32m[INFO][0m 开始解灰 2699921729 {
  code: 200,
  message: 'success',
  data: {
    url: 'http://bd-er.kuwo.cn/12002b1a0a5e8fe1b05995e08f661f41/6ab8c878/resource/30106/trackmedia/F000004Cdqqv2AUbGn.flac?from=bodian',
    source: 'unm'
  }
}
[32m[INFO][0m Request Success: [eapi] /song/url/match?id=2699921729
[32m[INFO][0m Starting unblock(uses general unblock): 2699921729
INFO: (provider/match) Replaced: [2699921729] 断翅燕尾蝶
    audioId: 2699921729
    songName: "断翅燕尾蝶"
    url: "http://bd-er.kuwo.cn/f753953a328acefded7f91b44d288944/6ab8c879/resource/30106/trackmedia/F000004Cdqqv2AUbGn.flac?from=bodian"
[32m[INFO][0m [2026-09-27T07:40:42.616Z] unm match 2699921729 → source=bodian url=http://bd-er.kuwo.cn/f753953a328acefded7f91b44d288944/6ab8c879/resource/30106/tr...
[32m[INFO][0m Unblock success! url: undefined
[32m[INFO][0m Request Success: [eapi] /lyric?id=2699921729
[32m[INFO][0m Request Success: [eapi] /lyric/new?id=2699921729
[32m[INFO][0m Request Success: [weapi] /song/detail?ids=2699921729
[32m[INFO][0m Request Success: [eapi] /search?keywords=test&limit=1
[32m[INFO][0m Request Success: [eapi] /search?keywords=test&limit=1
[32m[INFO][0m Request Success: [eapi] /search?keywords=断翅燕尾蝶+6sp&limit=15
◇ injected env (0) from .env // tip: ⌘ enable debugging { debug: true }
[32m[INFO][0m Request Success: [xeapi] /song/url/v1?id=2699921729,3424301874,94671,377466&level=exhigh
INFO: (provider/match) Replaced: [2699921729] 断翅燕尾蝶
    audioId: 2699921729
    songName: "断翅燕尾蝶"
    url: "http://bd-er.kuwo.cn/686c4d08d3bfb39c87d7e9a803f5cf3f/6ab8cb31/resource/30106/trackmedia/F000004Cdqqv2AUbGn.flac?from=bodian"
[32m[INFO][0m [2026-09-27T07:52:18.747Z] unm match 2699921729 → source=bodian url=http://bd-er.kuwo.cn/686c4d08d3bfb39c87d7e9a803f5cf3f/6ab8cb31/resource/30106/tr...
[32m[INFO][0m 开始解灰 2699921729 {
  code: 200,
  message: 'success',
  data: {
    url: 'http://bd-er.kuwo.cn/686c4d08d3bfb39c87d7e9a803f5cf3f/6ab8cb31/resource/30106/trackmedia/F000004Cdqqv2AUbGn.flac?from=bodian',
    source: 'unm'
  }
}
[32m[INFO][0m Request Success: [eapi] /song/url/match?id=2699921729
[32m[INFO][0m Starting unblock(uses general unblock): 2699921729
INFO: (provider/match) Replaced: [2699921729] 断翅燕尾蝶
    audioId: 2699921729
    songName: "断翅燕尾蝶"
    url: "http://bd-er.kuwo.cn/686c4d08d3bfb39c87d7e9a803f5cf3f/6ab8cb31/resource/30106/trackmedia/F000004Cdqqv2AUbGn.flac?from=bodian"
[32m[INFO][0m [2026-09-27T07:52:18.932Z] unm match 2699921729 → source=bodian url=http://bd-er.kuwo.cn/686c4d08d3bfb39c87d7e9a803f5cf3f/6ab8cb31/resource/30106/tr...
[32m[INFO][0m Unblock success! url: undefined
[32m[INFO][0m Request Success: [eapi] /lyric?id=2699921729
[32m[INFO][0m Request Success: [eapi] /lyric/new?id=2699921729
[32m[INFO][0m Request Success: [weapi] /song/detail?ids=2699921729
[32m[INFO][0m Request Success: [eapi] /search?keywords=test&limit=1
[32m[INFO][0m Request Success: [eapi] /search?keywords=青花瓷+周杰伦&limit=15
◇ injected env (0) from .env // tip: ⌘ suppress logs { quiet: true }
[32m[INFO][0m Request Success: [xeapi] /song/url/v1?id=3439011736,3440443771,259138,3368267047&level=exhigh
[32m[INFO][0m Request Success: [eapi] /lyric?id=3439011736
[32m[INFO][0m Request Success: [eapi] /lyric/new?id=3439011736
[32m[INFO][0m Request Success: [weapi] /song/detail?ids=3439011736
[32m[INFO][0m Request Success: [eapi] /search?keywords=青花瓷&limit=15
◇ injected env (0) from .env // tip: ◈ secrets for agents [www.dotenvx.com]
[32m[INFO][0m Request Success: [xeapi] /song/url/v1?id=259138,3368267047,3385869988,3399343282&level=exhigh
[32m[INFO][0m Request Success: [eapi] /lyric?id=259138
[32m[INFO][0m Request Success: [eapi] /lyric/new?id=259138
[32m[INFO][0m Request Success: [weapi] /song/detail?ids=259138
[32m[INFO][0m Request Success: [eapi] /search?keywords=test&limit=1
[32m[INFO][0m Request Success: [eapi] /search?keywords=test&limit=1
[32m[INFO][0m Request Success: [eapi] /search?keywords=网易云&limit=15
◇ injected env (0) from .env // tip: ⌘ enable debugging { debug: true }
[32m[INFO][0m Request Success: [xeapi] /song/url/v1?id=1307591526,2705654486,1299557742,542691144&level=exhigh
[32m[INFO][0m Request Success: [eapi] /lyric?id=1307591526
[32m[INFO][0m Request Success: [eapi] /lyric/new?id=1307591526
[32m[INFO][0m Request Success: [weapi] /song/detail?ids=1307591526
[32m[INFO][0m Request Success: [eapi] /search?keywords=test&limit=1
[32m[INFO][0m Request Success: [eapi] /search?keywords=你一定能成为你想成为的人&limit=15
◇ injected env (0) from .env // tip: ◈ secrets for agents [www.dotenvx.com]
[32m[INFO][0m Request Success: [xeapi] /song/url/v1?id=2029562395,1875072970,1414783972,1956251771&level=exhigh
[32m[INFO][0m Request Success: [eapi] /lyric?id=2029562395
[32m[INFO][0m Request Success: [eapi] /lyric/new?id=2029562395
[32m[INFO][0m Request Success: [weapi] /song/detail?ids=2029562395
[32m[INFO][0m Request Success: [eapi] /search?keywords=你一定能成为你想成为的人+姜云升&limit=15
◇ injected env (0) from .env // tip: ⌘ suppress logs { quiet: true }
[32m[INFO][0m Request Success: [xeapi] /song/url/v1?id=1414783972,1824514139,1824514051,1871610117&level=exhigh
[32m[INFO][0m Request Success: [eapi] /lyric?id=1414783972
[32m[INFO][0m Request Success: [eapi] /lyric/new?id=1414783972
[32m[INFO][0m Request Success: [weapi] /song/detail?ids=1414783972
[32m[INFO][0m Request Success: [eapi] /search?keywords=test&limit=1
[32m[INFO][0m Request Success: [eapi] /search?keywords=test&limit=1
[32m[INFO][0m Request Success: [eapi] /search?keywords=test&limit=1
[32m[INFO][0m Request Success: [eapi] /search?keywords=花粥&limit=15
◇ injected env (0) from .env // tip: ◈ encrypted .env [www.dotenvx.com]
[32m[INFO][0m Request Success: [xeapi] /song/url/v1?id=1357999894,1313354324,574566207,450853439&level=exhigh
[32m[INFO][0m Request Success: [eapi] /lyric?id=1357999894
[32m[INFO][0m Request Success: [eapi] /lyric/new?id=1357999894
[32m[INFO][0m Request Success: [weapi] /song/detail?ids=1357999894
[32m[INFO][0m Request Success: [eapi] /search?keywords=test&limit=1
[32m[INFO][0m Request Success: [eapi] /search?keywords=test&limit=1
[32m[INFO][0m Request Success: [eapi] /search?keywords=花粥&limit=15
◇ injected env (0) from .env // tip: ◈ secrets for agents [www.dotenvx.com]
[32m[INFO][0m Request Success: [xeapi] /song/url/v1?id=1357999894,1313354324,574566207,450853439&level=exhigh
[32m[INFO][0m Request Success: [eapi] /lyric?id=1357999894
[32m[INFO][0m Request Success: [eapi] /lyric/new?id=1357999894
[32m[INFO][0m Request Success: [weapi] /song/detail?ids=1357999894
[32m[INFO][0m Request Success: [eapi] /search?keywords=test&limit=1
[32m[INFO][0m Request Success: [eapi] /search?keywords=test&limit=1
[32m[INFO][0m Request Success: [eapi] /search?keywords=test&limit=1
[32m[INFO][0m Request Success: [eapi] /search?keywords=test&limit=1
[32m[INFO][0m Request Success: [eapi] /search?keywords=花粥&limit=15
◇ injected env (0) from .env // tip: ◈ secrets for agents [www.dotenvx.com]
[32m[INFO][0m Request Success: [xeapi] /song/url/v1?id=1357999894,1313354324,450853439,574566207&level=exhigh
[32m[INFO][0m Request Success: [eapi] /lyric?id=1357999894
[32m[INFO][0m Request Success: [eapi] /lyric/new?id=1357999894
[32m[INFO][0m Request Success: [weapi] /song/detail?ids=1357999894
[32m[INFO][0m Request Success: [eapi] /search?keywords=test&limit=1
[32m[INFO][0m Request Success: [eapi] /search?keywords=test&limit=1
[32m[INFO][0m Request Success: [eapi] /search?keywords=蔡依林&limit=15
◇ injected env (0) from .env // tip: ◈ secrets for agents [www.dotenvx.com]
[32m[INFO][0m Request Success: [xeapi] /song/url/v1?id=209643,29722126,209633,4876202&level=exhigh
[32m[INFO][0m Starting unblock(uses general unblock): 209643,29722126,209633,4876202
INFO: (provider/match) Replaced: [209643] 日不落
    audioId: 209643
    songName: "日不落"
    url: "http://fsandroid.tx.kugou.com/202609280202/b73811aad3212b83989e871b9ef5ab00/v3/fbed17d6b7d2327f2c32cb1ca26abd8c/yp/full/ap1005_pi2_ct340400_s1858774947.flac"
[32m[INFO][0m [2026-09-27T18:02:07.057Z] unm match 209643,29722126,209633,4876202 → source=kugou url=http://fsandroid.tx.kugou.com/202609280202/b73811aad3212b83989e871b9ef5ab00/v3/f...
[32m[INFO][0m Unblock success! url: http://fsandroid.tx.kugou.com/202609280202/b73811aad3212b83989e871b9ef5ab00/v3/fbed17d6b7d2327f2c32cb1ca26abd8c/yp/full/ap1005_pi2_ct340400_s1858774947.flac
[32m[INFO][0m Request Success: [eapi] /lyric?id=209643
[32m[INFO][0m Request Success: [eapi] /lyric/new?id=209643
[32m[INFO][0m Request Success: [weapi] /song/detail?ids=209643
[32m[INFO][0m Request Success: [eapi] /search?keywords=test&limit=1
[32m[INFO][0m Request Success: [eapi] /search?keywords=test&limit=1
[32m[INFO][0m Request Success: [eapi] /search?keywords=test&limit=1
[32m[INFO][0m Request Success: [eapi] /search?keywords=test&limit=1
[32m[INFO][0m Request Success: [eapi] /search?keywords=test&limit=1
[32m[INFO][0m Request Success: [eapi] /search?keywords=test&limit=1
[32m[INFO][0m Request Success: [eapi] /search?keywords=test&limit=1
[32m[INFO][0m Request Success: [eapi] /search?keywords=test&limit=1
[32m[INFO][0m Request Success: [eapi] /search?keywords=test&limit=1
[32m[INFO][0m Request Success: [eapi] /search?keywords=test&limit=1
[32m[INFO][0m Request Success: [eapi] /search?keywords=test&limit=1
[32m[INFO][0m Request Success: [eapi] /search?keywords=test&limit=1
[32m[INFO][0m Request Success: [eapi] /search?keywords=test&limit=1
[32m[INFO][0m Request Success: [eapi] /search?keywords=test&limit=1
[32m[INFO][0m Request Success: [eapi] /search?keywords=test&limit=1
[32m[INFO][0m Request Success: [eapi] /search?keywords=test&limit=1
[32m[INFO][0m Request Success: [eapi] /search?keywords=test&limit=1
[32m[INFO][0m Request Success: [eapi] /search?keywords=test&limit=1
[32m[INFO][0m Request Success: [eapi] /search?keywords=test&limit=1
[32m[INFO][0m Request Success: [eapi] /search?keywords=test&limit=1
[32m[INFO][0m Request Success: [eapi] /search?keywords=test&limit=1
[32m[INFO][0m Request Success: [eapi] /search?keywords=test&limit=1
[32m[INFO][0m Request Success: [eapi] /search?keywords=test&limit=1
[32m[INFO][0m Request Success: [eapi] /search?keywords=test&limit=1
[32m[INFO][0m Request Success: [eapi] /search?keywords=test&limit=1
[32m[INFO][0m Request Success: [eapi] /search?keywords=test&limit=1
[32m[INFO][0m Request Success: [eapi] /search?keywords=星空下的梦想&limit=15
◇ injected env (0) from .env // tip: ◈ secrets for agents [www.dotenvx.com]
[32m[INFO][0m Request Success: [xeapi] /song/url/v1?id=2652412440,2013748811,2014318339,33789170&level=exhigh
[32m[INFO][0m Request Success: [eapi] /lyric?id=2652412440
[32m[INFO][0m Request Success: [eapi] /lyric/new?id=2652412440
[32m[INFO][0m Request Success: [weapi] /song/detail?ids=2652412440
[32m[INFO][0m Request Success: [eapi] /search?keywords=test&limit=1
[32m[INFO][0m Request Success: [eapi] /search?keywords=星空下的梦想&limit=15
◇ injected env (0) from .env // tip: ⌘ override existing { override: true }
[32m[INFO][0m Request Success: [xeapi] /song/url/v1?id=2652412440,2013748811,2014318339,33789170&level=exhigh
[32m[INFO][0m Request Success: [eapi] /lyric?id=2652412440
[32m[INFO][0m Request Success: [eapi] /lyric/new?id=2652412440
[32m[INFO][0m Request Success: [weapi] /song/detail?ids=2652412440
[32m[INFO][0m Request Success: [eapi] /search?keywords=test&limit=1
[32m[INFO][0m Request Success: [eapi] /search?keywords=test&limit=1
[32m[INFO][0m Request Success: [eapi] /search?keywords=test&limit=1
[32m[INFO][0m Request Success: [eapi] /search?keywords=test&limit=1
[32m[INFO][0m Request Success: [eapi] /search?keywords=test&limit=1
[32m[INFO][0m Request Success: [eapi] /search?keywords=星空下的梦想&limit=15
◇ injected env (0) from .env // tip: ⌘ override existing { override: true }
[32m[INFO][0m Request Success: [xeapi] /song/url/v1?id=2652412440,2013748811,2014318339,33789170&level=exhigh
[32m[INFO][0m Request Success: [eapi] /lyric?id=2652412440
[32m[INFO][0m Request Success: [eapi] /lyric/new?id=2652412440
[32m[INFO][0m Request Success: [weapi] /song/detail?ids=2652412440
[32m[INFO][0m Request Success: [eapi] /search?keywords=test&limit=1
[32m[INFO][0m Request Success: [eapi] /search?keywords=test&limit=1
[32m[INFO][0m Request Success: [eapi] /search?keywords=星空下的梦想&limit=15
◇ injected env (0) from .env // tip: ⌁ auth for agents [www.vestauth.com]
[32m[INFO][0m Request Success: [xeapi] /song/url/v1?id=2652412440,2013748811,2014318339,33789170&level=exhigh
[32m[INFO][0m Request Success: [eapi] /lyric?id=2652412440
[32m[INFO][0m Request Success: [eapi] /lyric/new?id=2652412440
[32m[INFO][0m Request Success: [weapi] /song/detail?ids=2652412440
[32m[INFO][0m Request Success: [eapi] /search?keywords=test&limit=1
[32m[INFO][0m Request Success: [eapi] /search?keywords=test&limit=1
[32m[INFO][0m Request Success: [eapi] /search?keywords=test&limit=1
[32m[INFO][0m Request Success: [eapi] /search?keywords=test&limit=1
[32m[INFO][0m Request Success: [eapi] /search?keywords=星空下的梦想&limit=15
◇ injected env (0) from .env // tip: ⌘ enable debugging { debug: true }
[32m[INFO][0m Request Success: [xeapi] /song/url/v1?id=2652412440,2013748811,2014318339,33789170&level=exhigh
[32m[INFO][0m Request Success: [eapi] /lyric?id=2652412440
[32m[INFO][0m Request Success: [eapi] /lyric/new?id=2652412440
[32m[INFO][0m Request Success: [weapi] /song/detail?ids=2652412440
[32m[INFO][0m Request Success: [eapi] /search?keywords=test&limit=1
[32m[INFO][0m Request Success: [eapi] /search?keywords=test&limit=1
[32m[INFO][0m Request Success: [eapi] /search?keywords=test&limit=1
[32m[INFO][0m Request Success: [eapi] /search?keywords=test&limit=1
[32m[INFO][0m Request Success: [eapi] /search?keywords=test&limit=1
[32m[INFO][0m Request Success: [eapi] /search?keywords=test&limit=1
[32m[INFO][0m Request Success: [eapi] /search?keywords=test&limit=1
[32m[INFO][0m Request Success: [eapi] /search?keywords=test&limit=1
[32m[INFO][0m Request Success: [eapi] /search?keywords=test&limit=1
[32m[INFO][0m Request Success: [eapi] /search?keywords=星空下的梦想&limit=15
◇ injected env (0) from .env // tip: ◈ secrets for agents [www.dotenvx.com]
[32m[INFO][0m Request Success: [xeapi] /song/url/v1?id=2652412440,2013748811,2014318339,33789170&level=exhigh
[32m[INFO][0m Request Success: [eapi] /lyric?id=2652412440
[32m[INFO][0m Request Success: [eapi] /lyric/new?id=2652412440
[32m[INFO][0m Request Success: [weapi] /song/detail?ids=2652412440
[32m[INFO][0m Request Success: [eapi] /search?keywords=test&limit=1
[32m[INFO][0m Request Success: [eapi] /search?keywords=test&limit=1
[32m[INFO][0m Request Success: [eapi] /search?keywords=test&limit=1
[32m[INFO][0m Request Success: [eapi] /search?keywords=test&limit=1
[32m[INFO][0m Request Success: [eapi] /search?keywords=test&limit=1
[32m[INFO][0m Request Success: [eapi] /search?keywords=星空下的梦想&limit=15
◇ injected env (0) from .env // tip: ⌘ multiple files { path: ['.env.local', '.env'] }
[32m[INFO][0m Request Success: [xeapi] /song/url/v1?id=2652412440,2013748811,2014318339,2012936736&level=exhigh
[32m[INFO][0m Request Success: [eapi] /lyric?id=2652412440
[32m[INFO][0m Request Success: [eapi] /lyric/new?id=2652412440
[32m[INFO][0m Request Success: [weapi] /song/detail?ids=2652412440
[32m[INFO][0m Request Success: [eapi] /search?keywords=test&limit=1
[32m[INFO][0m Request Success: [eapi] /search?keywords=test&limit=1
[32m[INFO][0m Request Success: [eapi] /search?keywords=test&limit=1
[32m[INFO][0m Request Success: [eapi] /search?keywords=test&limit=1
[32m[INFO][0m Request Success: [eapi] /search?keywords=test&limit=1
[32m[INFO][0m Request Success: [eapi] /search?keywords=test&limit=1
[32m[INFO][0m Request Success: [eapi] /search?keywords=test&limit=1
[32m[INFO][0m Request Success: [eapi] /search?keywords=test&limit=1
[32m[INFO][0m Request Success: [eapi] /search?keywords=test&limit=1
[32m[INFO][0m Request Success: [eapi] /search?keywords=test&limit=1
[32m[INFO][0m Request Success: [eapi] /search?keywords=test&limit=1
[32m[INFO][0m Request Success: [eapi] /search?keywords=test&limit=1
[32m[INFO][0m Request Success: [eapi] /search?keywords=test&limit=1
[32m[INFO][0m Request Success: [eapi] /search?keywords=test&limit=1
[32m[INFO][0m Request Success: [eapi] /search?keywords=test&limit=1
[32m[INFO][0m Request Success: [eapi] /search?keywords=test&limit=1
[32m[INFO][0m Request Success: [eapi] /search?keywords=test&limit=1
[32m[INFO][0m Request Success: [eapi] /search?keywords=test&limit=1
[32m[INFO][0m Request Success: [eapi] /search?keywords=test&limit=1
[32m[INFO][0m Request Success: [eapi] /search?keywords=test&limit=1
[32m[INFO][0m Request Success: [eapi] /search?keywords=test&limit=1
[32m[INFO][0m Request Success: [eapi] /search?keywords=test&limit=1
[32m[INFO][0m Request Success: [eapi] /search?keywords=test&limit=1
[32m[INFO][0m Request Success: [eapi] /search?keywords=test&limit=1
[32m[INFO][0m Request Success: [eapi] /search?keywords=星空下的梦想&limit=15
◇ injected env (0) from .env // tip: ◈ encrypted .env [www.dotenvx.com]
[32m[INFO][0m Request Success: [xeapi] /song/url/v1?id=2652412440,2013748811,2014318339,3384852906&level=exhigh
[32m[INFO][0m Request Success: [eapi] /lyric?id=2652412440
[32m[INFO][0m Request Success: [eapi] /lyric/new?id=2652412440
[32m[INFO][0m Request Success: [weapi] /song/detail?ids=2652412440
[32m[INFO][0m Request Success: [eapi] /search?keywords=test&limit=1
[32m[INFO][0m Request Success: [eapi] /search?keywords=test&limit=1
[32m[INFO][0m Request Success: [eapi] /search?keywords=test&limit=1
[32m[INFO][0m Request Success: [eapi] /search?keywords=test&limit=1
[32m[INFO][0m Request Success: [eapi] /search?keywords=test&limit=1
[32m[INFO][0m Request Success: [eapi] /search?keywords=test&limit=1
[32m[INFO][0m Request Success: [eapi] /search?keywords=星空下的梦想&limit=15
◇ injected env (0) from .env // tip: ⌘ enable debugging { debug: true }
[32m[INFO][0m Request Success: [xeapi] /song/url/v1?id=2652412440,2013748811,2014318339,3384852906&level=exhigh
[32m[INFO][0m Request Success: [eapi] /lyric?id=2652412440
[32m[INFO][0m Request Success: [eapi] /lyric/new?id=2652412440
[32m[INFO][0m Request Success: [weapi] /song/detail?ids=2652412440
[32m[INFO][0m Request Success: [eapi] /search?keywords=test&limit=1
[32m[INFO][0m Request Success: [eapi] /search?keywords=test&limit=1
[32m[INFO][0m Request Success: [eapi] /search?keywords=test&limit=1
[32m[INFO][0m Request Success: [eapi] /search?keywords=星空下的梦想&limit=15
◇ injected env (0) from .env // tip: ⌘ override existing { override: true }
[32m[INFO][0m Request Success: [xeapi] /song/url/v1?id=2652412440,2013748811,2014318339,3384852906&level=exhigh
[32m[INFO][0m Request Success: [eapi] /lyric?id=2652412440
[32m[INFO][0m Request Success: [eapi] /lyric/new?id=2652412440
[32m[INFO][0m Request Success: [weapi] /song/detail?ids=2652412440
[32m[INFO][0m Request Success: [eapi] /search?keywords=test&limit=1
[32m[INFO][0m Request Success: [eapi] /search?keywords=test&limit=1
[32m[INFO][0m Request Success: [eapi] /search?keywords=test&limit=1
[32m[INFO][0m Request Success: [eapi] /search?keywords=test&limit=1
[32m[INFO][0m Request Success: [eapi] /search?keywords=test&limit=1
[32m[INFO][0m Request Success: [eapi] /search?keywords=此时我&limit=15
◇ injected env (0) from .env // tip: ⌁ auth for agents [www.vestauth.com]
[32m[INFO][0m Request Success: [xeapi] /song/url/v1?id=1979322562,1982709578,2069880129,3352853891&level=exhigh
[32m[INFO][0m Request Success: [eapi] /lyric?id=1979322562
[32m[INFO][0m Request Success: [eapi] /lyric/new?id=1979322562
[32m[INFO][0m Request Success: [weapi] /song/detail?ids=1979322562
[32m[INFO][0m Request Success: [eapi] /search?keywords=test&limit=1
[32m[INFO][0m Request Success: [eapi] /search?keywords=test&limit=1
[32m[INFO][0m Request Success: [eapi] /search?keywords=test&limit=1
[32m[INFO][0m Request Success: [eapi] /search?keywords=test&limit=1
[32m[INFO][0m Request Success: [eapi] /search?keywords=结算画面&limit=15
◇ injected env (0) from .env // tip: ⌘ multiple files { path: ['.env.local', '.env'] }
[32m[INFO][0m Request Success: [xeapi] /song/url/v1?id=3368712353,3367679981,3374894519,1996101075&level=exhigh
[32m[INFO][0m Request Success: [eapi] /lyric?id=3368712353
[32m[INFO][0m Request Success: [eapi] /lyric/new?id=3368712353
[32m[INFO][0m Request Success: [weapi] /song/detail?ids=3368712353
[32m[INFO][0m Request Success: [eapi] /search?keywords=我不难过&limit=15
◇ injected env (0) from .env // tip: ⌁ auth for agents [www.vestauth.com]
[32m[INFO][0m Request Success: [xeapi] /song/url/v1?id=3429085443,287398,3423883261,3339552306&level=exhigh
[32m[INFO][0m Request Success: [eapi] /lyric?id=3429085443
[32m[INFO][0m Request Success: [eapi] /lyric/new?id=3429085443
[32m[INFO][0m Request Success: [weapi] /song/detail?ids=3429085443
[32m[INFO][0m Request Success: [eapi] /search?keywords=我不难过+孙燕姿&limit=15
◇ injected env (0) from .env // tip: ⌘ suppress logs { quiet: true }
[32m[INFO][0m Request Success: [xeapi] /song/url/v1?id=287398,287171,32712816,3438053324&level=exhigh
INFO: (provider/match) Replaced: [287398] 我不难过
    audioId: 287398
    songName: "我不难过"
    url: "http://bd-er.kuwo.cn/afe5373e79b07235e566194d577da5e9/6abb7a45/resource/1307392909/trackmedia/F000001g2Uav4DI2C2_1.flac?from=bodian"
[32m[INFO][0m [2026-09-29T08:43:50.187Z] unm match 287398 → source=bodian url=http://bd-er.kuwo.cn/afe5373e79b07235e566194d577da5e9/6abb7a45/resource/13073929...
[32m[INFO][0m 开始解灰 287398 {
  code: 200,
  message: 'success',
  data: {
    url: 'http://bd-er.kuwo.cn/afe5373e79b07235e566194d577da5e9/6abb7a45/resource/1307392909/trackmedia/F000001g2Uav4DI2C2_1.flac?from=bodian',
    source: 'unm'
  }
}
[32m[INFO][0m Request Success: [eapi] /song/url/match?id=287398
[32m[INFO][0m Starting unblock(uses general unblock): 287398
INFO: (provider/match) Replaced: [287398] 我不难过
    audioId: 287398
    songName: "我不难过"
    url: "http://bd-er.kuwo.cn/ba2e4e5262dd198d9a674c3b77f7def4/6abb7a46/resource/1307392909/trackmedia/F000001g2Uav4DI2C2_1.flac?from=bodian"
[32m[INFO][0m [2026-09-29T08:43:50.362Z] unm match 287398 → source=bodian url=http://bd-er.kuwo.cn/ba2e4e5262dd198d9a674c3b77f7def4/6abb7a46/resource/13073929...
[32m[INFO][0m Unblock success! url: undefined
[32m[INFO][0m Request Success: [eapi] /lyric?id=287398
[32m[INFO][0m Request Success: [eapi] /lyric/new?id=287398
[32m[INFO][0m Request Success: [weapi] /song/detail?ids=287398
[32m[INFO][0m Request Success: [eapi] /search?keywords=test&limit=1
[32m[INFO][0m Request Success: [eapi] /search?keywords=哀人&limit=15
◇ injected env (0) from .env // tip: ⌘ suppress logs { quiet: true }
[32m[INFO][0m Request Success: [xeapi] /song/url/v1?id=2082326624,2746203564,2658079456,2623829105&level=exhigh
[32m[INFO][0m Request Success: [eapi] /lyric?id=2082326624
[32m[INFO][0m Request Success: [eapi] /lyric/new?id=2082326624
[32m[INFO][0m Request Success: [weapi] /song/detail?ids=2082326624
[32m[INFO][0m Request Success: [eapi] /search?keywords=test&limit=1
[32m[INFO][0m Request Success: [eapi] /search?keywords=test&limit=1
[32m[INFO][0m Request Success: [eapi] /search?keywords=test&limit=1
[32m[INFO][0m Request Success: [eapi] /search?keywords=晚风&limit=15
◇ injected env (0) from .env // tip: ◈ secrets for agents [www.dotenvx.com]
[32m[INFO][0m Request Success: [xeapi] /song/url/v1?id=4876206,2063282922,1441758494,2611926684&level=exhigh
[32m[INFO][0m Request Success: [eapi] /lyric?id=4876206
[32m[INFO][0m Request Success: [eapi] /lyric/new?id=4876206
[32m[INFO][0m Request Success: [weapi] /song/detail?ids=4876206
[32m[INFO][0m Request Success: [eapi] /search?keywords=晚风+copybt07&limit=15
◇ injected env (0) from .env // tip: ⌘ enable debugging { debug: true }
[32m[INFO][0m Request Success: [xeapi] /song/url/v1?id=1441758494,3441539751,2063282922,3441655305&level=exhigh
[32m[INFO][0m Starting unblock(uses general unblock): 1441758494,3441539751,2063282922,3441655305
INFO: (provider/match) Replaced: [1441758494] 晚风
    audioId: 1441758494
    songName: "晚风"
    url: "http://fsandroid.tx.kugou.com/202609291648/8ca2ba09ad2d2e2acaee32d3e5ce33b9/v3/0f9973e69a641f4972808f8859568059/yp/full/ap1005_pi2_ct340400_s2010247999.mp3"
[32m[INFO][0m [2026-09-29T08:48:34.265Z] unm match 1441758494,3441539751,2063282922,3441655305 → source=kugou url=http://fsandroid.tx.kugou.com/202609291648/8ca2ba09ad2d2e2acaee32d3e5ce33b9/v3/0...
[32m[INFO][0m Unblock success! url: http://fsandroid.tx.kugou.com/202609291648/8ca2ba09ad2d2e2acaee32d3e5ce33b9/v3/0f9973e69a641f4972808f8859568059/yp/full/ap1005_pi2_ct340400_s2010247999.mp3
[32m[INFO][0m Request Success: [eapi] /lyric?id=1441758494
[32m[INFO][0m Request Success: [eapi] /lyric/new?id=1441758494
[32m[INFO][0m Request Success: [weapi] /song/detail?ids=1441758494
[32m[INFO][0m Request Success: [eapi] /search?keywords=test&limit=1
[32m[INFO][0m Request Success: [eapi] /search?keywords=小狐狸&limit=15
◇ injected env (0) from .env // tip: ⌘ suppress logs { quiet: true }
[32m[INFO][0m Request Success: [xeapi] /song/url/v1?id=2622045191,27928173,1360390960,1873838693&level=exhigh
[32m[INFO][0m Request Success: [eapi] /lyric?id=2622045191
[32m[INFO][0m Request Success: [eapi] /lyric/new?id=2622045191
[32m[INFO][0m Request Success: [weapi] /song/detail?ids=2622045191
[32m[INFO][0m Request Success: [eapi] /search?keywords=test&limit=1
[32m[INFO][0m Request Success: [eapi] /search?keywords=小狐狸+郭采洁&limit=15
◇ injected env (0) from .env // tip: ⌘ custom filepath { path: '/custom/path/.env' }
[32m[INFO][0m Request Success: [xeapi] /song/url/v1?id=28178271,233883,2150395387,2109988506&level=exhigh
[32m[INFO][0m Starting unblock(uses general unblock): 28178271,233883,2150395387,2109988506
INFO: (provider/match) Replaced: [28178271] 小狐狸
    audioId: 28178271
    songName: "小狐狸"
    url: "http://bd-er.kuwo.cn/df33af579c4aa7e0186a55230f747744/6abb7c51/resource/30106/trackmedia/M500000ltYND1UNOPK.mp3?from=bodian"
[32m[INFO][0m [2026-09-29T08:52:33.541Z] unm match 28178271,233883,2150395387,2109988506 → source=bodian url=http://bd-er.kuwo.cn/df33af579c4aa7e0186a55230f747744/6abb7c51/resource/30106/tr...
[32m[INFO][0m Unblock success! url: http://bd-er.kuwo.cn/df33af579c4aa7e0186a55230f747744/6abb7c51/resource/30106/trackmedia/M500000ltYND1UNOPK.mp3?from=bodian
[32m[INFO][0m Request Success: [eapi] /lyric?id=28178271
[32m[INFO][0m Request Success: [eapi] /lyric/new?id=28178271
[32m[INFO][0m Request Success: [weapi] /song/detail?ids=28178271
[32m[INFO][0m Request Success: [eapi] /search?keywords=test&limit=1
[32m[INFO][0m Request Success: [eapi] /search?keywords=test&limit=1
[32m[INFO][0m Request Success: [eapi] /search?keywords=背靠背+6sp&limit=15
◇ injected env (0) from .env // tip: ⌘ override existing { override: true }
[32m[INFO][0m Request Success: [xeapi] /song/url/v1?id=2686631199,2707315139,3381873874,497191880&level=exhigh
[32m[INFO][0m Request Success: [eapi] /lyric?id=2686631199
[32m[INFO][0m Request Success: [eapi] /lyric/new?id=2686631199
[32m[INFO][0m Request Success: [weapi] /song/detail?ids=2686631199
[32m[INFO][0m Request Success: [eapi] /search?keywords=小狐狸+郭采洁&limit=5
[32m[INFO][0m Request Success: [eapi] /lyric?id=233883
[32m[INFO][0m Request Success: [eapi] /lyric/new?id=233883
[32m[INFO][0m Request Success: [eapi] /search?keywords=test&limit=1
[32m[INFO][0m Request Success: [eapi] /search?keywords=小狐狸+郭采洁&limit=15
◇ injected env (0) from .env // tip: ⌁ auth for agents [www.vestauth.com]
[32m[INFO][0m Request Success: [xeapi] /song/url/v1?id=28178271,233883,2150395387,2109988506&level=exhigh
[32m[INFO][0m Starting unblock(uses general unblock): 28178271,233883,2150395387,2109988506
INFO: (provider/match) Replaced: [28178271] 小狐狸
    audioId: 28178271
    songName: "小狐狸"
    url: "http://bd-er.kuwo.cn/1cf2dc7b7ad6a1a557f770c28523a8ab/6abb7e1a/resource/30106/trackmedia/M500000ltYND1UNOPK.mp3?from=bodian"
[32m[INFO][0m [2026-09-29T09:00:10.286Z] unm match 28178271,233883,2150395387,2109988506 → source=bodian url=http://bd-er.kuwo.cn/1cf2dc7b7ad6a1a557f770c28523a8ab/6abb7e1a/resource/30106/tr...
[32m[INFO][0m Unblock success! url: http://bd-er.kuwo.cn/1cf2dc7b7ad6a1a557f770c28523a8ab/6abb7e1a/resource/30106/trackmedia/M500000ltYND1UNOPK.mp3?from=bodian
[32m[INFO][0m Request Success: [eapi] /lyric?id=28178271
[32m[INFO][0m Request Success: [eapi] /lyric/new?id=28178271
[32m[INFO][0m Request Success: [weapi] /song/detail?ids=28178271
◇ injected env (0) from .env // tip: ⌘ suppress logs { quiet: true }
[32m[INFO][0m Request Success: [xeapi] /song/url/v1?id=233883&level=exhigh
[32m[INFO][0m Starting unblock(uses general unblock): 233883
INFO: (provider/match) Replaced: [233883] 小狐狸
    audioId: 233883
    songName: "小狐狸"
    url: "http://fsandroid.tx.kugou.com/202609291700/539923f3ce8ae2f3e802ccb7ab7dc631/v3/ffd816fa3c08cb70531507c7e169dca9/yp/full/ap1005_pi2_ct340400_s2737527264.flac"
[32m[INFO][0m [2026-09-29T09:00:26.726Z] unm match 233883 → source=kugou url=http://fsandroid.tx.kugou.com/202609291700/539923f3ce8ae2f3e802ccb7ab7dc631/v3/f...
[32m[INFO][0m Unblock success! url: http://fsandroid.tx.kugou.com/202609291700/539923f3ce8ae2f3e802ccb7ab7dc631/v3/ffd816fa3c08cb70531507c7e169dca9/yp/full/ap1005_pi2_ct340400_s2737527264.flac
◇ injected env (0) from .env // tip: ⌘ override existing { override: true }
[32m[INFO][0m Request Success: [xeapi] /song/url/v1?id=28178271&level=exhigh
INFO: (provider/match) Replaced: [233883] 小狐狸
    audioId: 233883
    songName: "小狐狸"
    url: "http://fsandroid.tx.kugou.com/202609291700/539923f3ce8ae2f3e802ccb7ab7dc631/v3/ffd816fa3c08cb70531507c7e169dca9/yp/full/ap1005_pi2_ct340400_s2737527264.flac"
[32m[INFO][0m [2026-09-29T09:00:44.172Z] unm match 233883 → source=kugou url=http://fsandroid.tx.kugou.com/202609291700/539923f3ce8ae2f3e802ccb7ab7dc631/v3/f...
[32m[INFO][0m 开始解灰 233883 {
  code: 200,
  message: 'success',
  data: {
    url: 'http://fsandroid.tx.kugou.com/202609291700/539923f3ce8ae2f3e802ccb7ab7dc631/v3/ffd816fa3c08cb70531507c7e169dca9/yp/full/ap1005_pi2_ct340400_s2737527264.flac',
    source: 'unm'
  }
}
[32m[INFO][0m Request Success: [eapi] /song/url/match?id=233883
[32m[INFO][0m Starting unblock(uses general unblock): 233883
INFO: (provider/match) Replaced: [233883] 小狐狸
    audioId: 233883
    songName: "小狐狸"
    url: "http://fsandroid.tx.kugou.com/202609291700/539923f3ce8ae2f3e802ccb7ab7dc631/v3/ffd816fa3c08cb70531507c7e169dca9/yp/full/ap1005_pi2_ct340400_s2737527264.flac"
[32m[INFO][0m [2026-09-29T09:00:44.353Z] unm match 233883 → source=kugou url=http://fsandroid.tx.kugou.com/202609291700/539923f3ce8ae2f3e802ccb7ab7dc631/v3/f...
[32m[INFO][0m Unblock success! url: undefined
◇ injected env (0) from .env // tip: ⌘ enable debugging { debug: true }
[32m[INFO][0m Request Success: [xeapi] /song/url/v1?id=233883,28178271,2150395387,2109988506&level=exhigh
[32m[INFO][0m Starting unblock(uses general unblock): 233883,28178271,2150395387,2109988506
INFO: (provider/match) Replaced: [233883] 小狐狸
    audioId: 233883
    songName: "小狐狸"
    url: "http://fsandroid.tx.kugou.com/202609291701/d3c1153f4e51b68881fa60217dc6162b/v3/ffd816fa3c08cb70531507c7e169dca9/yp/full/ap1005_pi2_ct340400_s2737527264.flac"
[32m[INFO][0m [2026-09-29T09:01:30.051Z] unm match 233883,28178271,2150395387,2109988506 → source=kugou url=http://fsandroid.tx.kugou.com/202609291701/d3c1153f4e51b68881fa60217dc6162b/v3/f...
[32m[INFO][0m Unblock success! url: http://fsandroid.tx.kugou.com/202609291701/d3c1153f4e51b68881fa60217dc6162b/v3/ffd816fa3c08cb70531507c7e169dca9/yp/full/ap1005_pi2_ct340400_s2737527264.flac
[32m[INFO][0m Request Success: [weapi] /song/detail?ids=233883
[32m[INFO][0m Request Success: [eapi] /search?keywords=test&limit=1
[32m[INFO][0m Request Success: [eapi] /search?keywords=晚风+copy&limit=15
◇ injected env (0) from .env // tip: ⌁ auth for agents [www.vestauth.com]
[32m[INFO][0m Request Success: [xeapi] /song/url/v1?id=1441758494,1815992656,2093106430,1866542867&level=exhigh
[32m[INFO][0m Starting unblock(uses general unblock): 1441758494,1815992656,2093106430,1866542867
INFO: (provider/match) Replaced: [1441758494] 晚风
    audioId: 1441758494
    songName: "晚风"
    url: "http://fsandroid.tx.kugou.com/202609291703/19a828c90cf397ff32d20bb5894ef90d/v3/0f9973e69a641f4972808f8859568059/yp/full/ap1005_pi2_ct340400_s2010247999.mp3"
[32m[INFO][0m [2026-09-29T09:03:15.184Z] unm match 1441758494,1815992656,2093106430,1866542867 → source=kugou url=http://fsandroid.tx.kugou.com/202609291703/19a828c90cf397ff32d20bb5894ef90d/v3/0...
[32m[INFO][0m Unblock success! url: http://fsandroid.tx.kugou.com/202609291703/19a828c90cf397ff32d20bb5894ef90d/v3/0f9973e69a641f4972808f8859568059/yp/full/ap1005_pi2_ct340400_s2010247999.mp3
[32m[INFO][0m Request Success: [eapi] /lyric?id=1441758494
[32m[INFO][0m Request Success: [eapi] /lyric/new?id=1441758494
[32m[INFO][0m Request Success: [weapi] /song/detail?ids=1441758494
[32m[INFO][0m Request Success: [eapi] /search?keywords=test&limit=1
[32m[INFO][0m Request Success: [eapi] /search?keywords=test&limit=1
[32m[INFO][0m Request Success: [eapi] /search?keywords=青花瓷&limit=15
◇ injected env (0) from .env // tip: ◈ encrypted .env [www.dotenvx.com]
[32m[INFO][0m Request Success: [xeapi] /song/url/v1?id=259138,3385869988,3368267047,2729680555&level=exhigh
[32m[INFO][0m Starting unblock(uses general unblock): 259138,3385869988,3368267047,2729680555
INFO: (provider/match) Replaced: [259138] 青花瓷
    audioId: 259138
    songName: "青花瓷"
    url: "http://bd-er.kuwo.cn/7d79c1862b3c8f93ba577aeff23ed97a/6abb7fbc/resource/1307392909/trackmedia/F000004bgOtW060AUy.flac?from=bodian"
[32m[INFO][0m [2026-09-29T09:07:09.195Z] unm match 259138,3385869988,3368267047,2729680555 → source=bodian url=http://bd-er.kuwo.cn/7d79c1862b3c8f93ba577aeff23ed97a/6abb7fbc/resource/13073929...
[32m[INFO][0m Unblock success! url: http://bd-er.kuwo.cn/7d79c1862b3c8f93ba577aeff23ed97a/6abb7fbc/resource/1307392909/trackmedia/F000004bgOtW060AUy.flac?from=bodian
[32m[INFO][0m Request Success: [eapi] /lyric?id=259138
[32m[INFO][0m Request Success: [eapi] /lyric/new?id=259138
[32m[INFO][0m Request Success: [weapi] /song/detail?ids=259138
[32m[INFO][0m Request Success: [eapi] /search?keywords=9420&limit=15
◇ injected env (0) from .env // tip: ◈ encrypted .env [www.dotenvx.com]
[32m[INFO][0m Request Success: [xeapi] /song/url/v1?id=3391243991,2730716496,3389828308,3442248760&level=exhigh
[32m[INFO][0m Request Success: [eapi] /lyric?id=3391243991
[32m[INFO][0m Request Success: [eapi] /lyric/new?id=3391243991
[32m[INFO][0m Request Success: [weapi] /song/detail?ids=3391243991
[32m[INFO][0m Request Success: [eapi] /search?keywords=test&limit=1
[32m[INFO][0m Request Success: [eapi] /search?keywords=想你想你想我&limit=15
◇ injected env (0) from .env // tip: ⌁ auth for agents [www.vestauth.com]
[32m[INFO][0m Request Success: [xeapi] /song/url/v1?id=1876226709,1296833312,3404088614,3437625388&level=exhigh
INFO: (provider/match) Replaced: [1876226709] 想你想你想我
    audioId: 1876226709
    songName: "想你想你想我"
    url: "http://bd-er.kuwo.cn/daa5c79248ce12c6e6f17d18ed1a78a5/6abb8055/resource/1307392909/trackmedia/F00000038gz92EW2io_1.flac?from=bodian"
[32m[INFO][0m [2026-09-29T09:09:41.941Z] unm match 1876226709 → source=bodian url=http://bd-er.kuwo.cn/daa5c79248ce12c6e6f17d18ed1a78a5/6abb8055/resource/13073929...
[32m[INFO][0m 开始解灰 1876226709 {
  code: 200,
  message: 'success',
  data: {
    url: 'http://bd-er.kuwo.cn/daa5c79248ce12c6e6f17d18ed1a78a5/6abb8055/resource/1307392909/trackmedia/F00000038gz92EW2io_1.flac?from=bodian',
    source: 'unm'
  }
}
[32m[INFO][0m Request Success: [eapi] /song/url/match?id=1876226709
[32m[INFO][0m Starting unblock(uses general unblock): 1876226709
INFO: (provider/match) Replaced: [1876226709] 想你想你想我
    audioId: 1876226709
    songName: "想你想你想我"
    url: "http://bd-er.kuwo.cn/daa5c79248ce12c6e6f17d18ed1a78a5/6abb8055/resource/1307392909/trackmedia/F00000038gz92EW2io_1.flac?from=bodian"
[32m[INFO][0m [2026-09-29T09:09:42.120Z] unm match 1876226709 → source=bodian url=http://bd-er.kuwo.cn/daa5c79248ce12c6e6f17d18ed1a78a5/6abb8055/resource/13073929...
[32m[INFO][0m Unblock success! url: undefined
[32m[INFO][0m Request Success: [eapi] /lyric?id=1876226709
[32m[INFO][0m Request Success: [eapi] /lyric/new?id=1876226709
[32m[INFO][0m Request Success: [weapi] /song/detail?ids=1876226709
[32m[INFO][0m Request Success: [eapi] /search?keywords=test&limit=1
[32m[INFO][0m Request Success: [eapi] /search?keywords=test&limit=1
[32m[INFO][0m Request Success: [eapi] /search?keywords=test&limit=1
[32m[INFO][0m Request Success: [eapi] /search?keywords=test&limit=1
[32m[INFO][0m Request Success: [eapi] /search?keywords=test&limit=1
[32m[INFO][0m Request Success: [eapi] /search?keywords=80000&limit=15
◇ injected env (0) from .env // tip: ⌁ auth for agents [www.vestauth.com]
[32m[INFO][0m Request Success: [xeapi] /song/url/v1?id=2082141795,2161109820,1880540878,2016586303&level=exhigh
[32m[INFO][0m Request Success: [eapi] /lyric?id=2082141795
[32m[INFO][0m Request Success: [eapi] /lyric/new?id=2082141795
[32m[INFO][0m Request Success: [weapi] /song/detail?ids=2082141795
